id,category,severity,title,location,dup
042-MEM-01,,High,"Memory Leak: `_markersModel` allocated without parent, never deleted","src/documenthandler.cpp:139, src/documenthandler.h:343",
043-MEM-02,,High,"Memory Leak: `_fileSystemWatcher` allocated without parent, never deleted","src/documenthandler.cpp:140, src/documenthandler.h:344",
145-MEM-03,,Medium,"Memory Leak: `m_fontDialog` allocated without parent, never deleted","src/documenthandler.cpp:148, src/documenthandler.h:347",
039-LOG-01,,High,SessionModel::rowCount returns m_data.size() for both valid and invalid parents,src/promptsession.cpp:31-36,
040-LOG-02,,High,Off-by-one: beginRemoveRows uses rowCount() instead of rowCount()-1,src/promptsession.cpp:81,
141-LOG-03,,Medium,MarkersModel::data returns data.position for LengthRole instead of data.length,src/markersmodel.cpp:48-49,
221-LOG-04,,Medium,MarkersModel::extendLastMarker modifies data without emitting dataChanged,src/markersmodel.cpp:109-114,
142-LOG-05,,Medium,DocumentHandler::search ignores `loop` parameter when `regEx` is true,src/documenthandler.cpp:1552-1567,
222-LOG-06,,Medium,DocumentHandler::replaceAll has potential infinite loop with regex,src/documenthandler.cpp:1492-1520,
690-LOG-07,,Low,namedMarker() fetches cursor twice — stale-content risk,src/documenthandler.cpp:699-705,
404-LOG-08,,Low,DataPoint default constructor leaves three members uninitialized,"src/promptsession.h:31,38-41",
691-LOG-09,,Low,Trailing comma in constructor member initializer list (non-standard C++ before C++20),src/documenthandler.cpp:129,
506-QML-01,,Critical,26 references to undefined `pointerSettings` ID in ReadRegionOverlay,"src/prompter/ReadRegionOverlay.qml:239,246,261,268,293-395",
507-QML-02,,Critical,Undefined `pointerConfiguration` ID reference in ReadRegionOverlay,"src/prompter/ReadRegionOverlay.qml:283,288",
014-QML-03,,Critical,Undefined `root` ID in WindowDragger.qml,"src/qt/WindowDragger.qml:41,45",
046-QML-04,,High,Typo: `verticalCentertop` instead of `verticalCenter`,src/prompter/pointers/pointer_0.qml:36,
047-QML-05,,High,`&&` should be `||` in clear button enabled condition,src/kirigami_ui/KeyInputButton.qml:121,
048-QML-06,,High,Bitwise OR (`|`) instead of AND (`&`) in modifier key check,src/prompter/Find.qml:164,
543-QML-07,,High,`Text.CurveRendering` enum requires Qt >= 6.7,src/prompter/Countdown.qml:196,
613-QML-08,,Medium,Invalid anchor target `undefined`,src/kirigami_ui/PrompterPage.qml:807,
618-QML-09,,Medium,`QtQuick.Shapes 6.6` version mismatch with `QtCore 6.5`,src/prompter/Countdown.qml:24,
590-QML-10,,Medium,`+android/main.qml` missing `QmlUtil` for RecentDocuments,src/kirigami_ui/+android/main.qml:757-762,
311-QML-11,,Medium,Dead code: `window` property declared but never used in WindowDragger,src/qt/WindowDragger.qml:28,
010-SEC-01,,Critical,Arbitrary Command Execution via `sys://` Marker URIs,"src/prompter/Prompter.qml:415-416, src/qmlutil.hpp:84-94",
184-SEC-02,,Medium,OBS WebSocket Password Stored in Plaintext,"src/prompter/Prompter.qml:275-280, src/kirigami_ui/PrompterPage.qml:1496-1506",
185-SEC-03,,Medium,Information Disclosure: Full HTML Document Content Logged via qDebug,src/documenthandler.cpp:1332,
529-SEC-04,,High,SSRF / URL Injection — User-Controlled URL Passed to Network Loader,"src/documenthandler.cpp:867-886, src/kirigami_ui/PrompterPage.qml:1277-1291",
600-SEC-05,,Medium,User-Controlled Filename Passed to QProcess (LibreOffice import),src/documenthandler.cpp:1076-1077,
061-RES-01,,High,Network reply overwritten without aborting previous download,src/documenthandler.cpp:884,
062-RES-02,,High,loadFromNetworkFinihed ignores the QNetworkReply* signal parameter,"src/documenthandler.cpp:145,888-901",
672-RES-03,,Low,ShakeDetector::s_instance never set to nullptr on destruction (dangling pointer),"src/shakedetector.cpp:24,29",
673-RES-04,,Low,IosSaveDialog::s_instance same singleton dangling pattern,"src/iossavedialog.cpp:24,29",
700-RES-05,,Low,QTextStream left unflushed before QFile destruction,src/spellchecker.cpp:390-397,
532-TYP-01,,High,Dangling pointer from temporary std::string in SpellChecker::loadOne,src/spellchecker.cpp:154-155,
605-TYP-02,,Medium,Invalid Qt::LayoutDirection enum value cast,src/main.cpp:166,
580-TYP-03,,Medium,Floating-point equality comparison of window opacity,src/main.cpp:273,
267-TYP-04,,Medium,Bitwise AND on bools hides dead code in preventSleep,"src/documenthandler.cpp:1928,1931",
268-TYP-05,,Medium,Uninitialized pointer member m_reply in DocumentHandler,"src/documenthandler.h:353, src/documenthandler.cpp:123-158",
447-TYP-06,,Low,Malformed preprocessor macro: `#define Use_GlobalAccel = 1`,src/globalhotkeys.cpp:29,
448-TYP-07,,Low,Narrowing conversion: `size_t` → `int` in SpellChecker::decode,src/spellchecker.cpp:411-412,
695-TYP-08,,Low,DocumentHandler constructor trailing comma in initializer list,src/documenthandler.cpp:129,
701-TYP-09,,Low,Null pointer dereferences in emit textChanged related to uninitialized m_document,"src/documenthandler.cpp:320,325,334,343,383 (related)",
696-TYP-10,,Low,Uninitialized marker struct fields: length defaults to 1,src/marker.hpp:48,
027-EDGE-01,,High,QString::arg() called on string with no placeholder — program name silently dropped,src/documenthandler.cpp:1086-1089,
028-EDGE-02,,High,Empty container `first()` dereference — crash on hotkey with no windows,src/main.cpp:272,
029-EDGE-03,,High,Empty container `last()` dereference in `extendLastMarker`,src/markersmodel.cpp:111-113,
002-EDGE-04,,Critical,Null pointer dereference: `document()->textDocument()` not checked before `load()`,src/documenthandler.cpp:1037,
003-EDGE-05,,Critical,Null pointer dereference: `textDocument()` unchecked in `search()`,"src/documenthandler.cpp:1546,1548,1550,1555,1557,1561,1563,1565,1569,1571",
004-EDGE-06,,Critical,Null pointer dereference: `textDocument()` unchecked in `parse()`,src/documenthandler.cpp:1634,
533-EDGE-07,,High,Q_UNREACHABLE in Q_INVOKABLE method — UB if called from QML,src/shakedetector.cpp:49-51,
553-EDGE-08,,Medium,Q_ASSERT as thread-safety guard — removed in release builds,src/appcontroller.cpp:36,
123-EDGE-09,,Medium,QFile::copy() return value silently ignored,src/spellchecker.cpp:199,
660-EDGE-10,,Low,globalShortcutKey() switch without default — fallthrough to Q_UNREACHABLE,src/globalhotkeys.cpp:513-515,
554-EDGE-11,,Medium,m_reply dereference without null check in loadFromNetworkFinihed(),src/documenthandler.cpp:890,
685-EDGE-12,,Low,QTextBlock::iterator scope fragility in parse(),"src/documenthandler.cpp:1648,1662-1663",
087-PLAT-01,,High,KF6Crash_FOUND never defined as C preprocessor macro — KCrash support dead code,"src/main.cpp:50, CMakeLists.txt:316",
155-PLAT-02,,Medium,REQUIRED_KF6_VERSION variable referenced but never defined,"CMakeLists.txt:309,316",
069-PLAT-03,,High,Wrong target name and wrong include path for KDMacTouchBar,"src/CMakeLists.txt:491,492",
612-PLAT-04,,Medium,DS_Store.scpt referenced but file does not exist,CMakeLists.txt:485,
234-PLAT-05,,Medium,DBINARY_ICONS_RESOURCE is a typo — should be BINARY_ICONS_RESOURCE,CMakeLists.txt:110,
367-PLAT-06,,Low,qprompt_QM_LOADER variable never defined,src/CMakeLists.txt:86,
431-PLAT-07,,Low,Incorrect macro syntax: `#define Use_GlobalAccel = 1`,src/globalhotkeys.cpp:29,
589-PLAT-08,,Medium,QNX platform guard inconsistency: main.cpp vs documenthandler.h,"src/main.cpp:23, src/documenthandler.h:82",
670-PLAT-09,,Low,Pre-build manifest references invalid Android SDK paths,.env.android,
525-R2-GH-01,Logic,High,Q_UNREACHABLE reachable when only QHotkey available on Wayland,src/globalhotkeys.cpp:514,
498-R2-CMAKE-01,Platform/Build,Critical,sphinx_add_docs silently ignores all keyword arguments due to empty cmake_parse_arguments prefix,cmake/FindSphinx.cmake:54-56,
071-R2-CMAKE-02,Platform/Build,High,cmake_minimum_required inside find module pollutes parent project policy settings,cmake/FindSphinx.cmake:19,
240-R2-CMAKE-03,Platform/Build,Medium,WORKING_DIRECTORY and COMMENT not parseable by callers of sphinx_add_docs,"cmake/FindSphinx.cmake:67,72",
162-R2-CMAKE-04,Platform/Build,Medium,QML icon file(GLOB_RECURSE) missing CONFIGURE_DEPENDS causes stale icon sets,cmake/BreezeIconSubset.cmake:115,
242-R2-PRP-01,Logic,Medium,Qt.LeftToRight used as bare boolean — RTL branch always dead,"src/kirigami_ui/PrompterPage.qml:189,193,659",
243-R2-PRP-02,Logic,Medium,Kirigami.Units.SmallSpacing — uppercase S yields undefined,"src/kirigami_ui/PrompterPage.qml:1331,1332,1352,1353,1377,1378",
592-R2-PRP-03,Logic,Medium,Units.LongDuration / Units.HumanMoment missing Kirigami. prefix,"src/kirigami_ui/PrompterPage.qml:853,860,870,1202",
485-R2-PRP-04,Type Safety,Low,Inconsistent focus restoration in decreaseVelocityButton,src/kirigami_ui/PrompterPage.qml:89,
465-R2-PRP-05,Edge Case,Low,Potential null-item access on async Loader in namedMarkerConfiguration.onOpened,"src/kirigami_ui/PrompterPage.qml:1144,1146",
593-R2-PTR-01,Type Safety,Medium,Type mismatch: textVerticalOffset declared int but fed a real,src/prompter/pointers/pointer_1.qml:33,
594-R2-PTR-02,Type Safety,Medium,Type mismatch: imageVerticalOffset declared int but fed a real,src/prompter/pointers/pointer_2.qml:28,
244-R2-PTR-03,Logic,Medium,Casing error: Units.longDuration should be Units.LongDuration,src/prompter/ProjectionsManager.qml:329,
245-R2-PTR-04,Type Safety,Medium,Inverted indexOf truthiness in platform check for ColorDialog,src/prompter/PointerSettings.qml:653,
017-R2-AND-01,QML/UI,Critical,Android missing QmlUtil causes crash on factory reset and RecentDocuments,"src/kirigami_ui/+android/main.qml (absent object), line 684",
015-R2-AND-02,QML/UI,Critical,Android missing restartDialog crashes LanguageSettingsOverlay and LayoutDirectionSettingsOverlay,src/kirigami_ui/+android/main.qml (absent object),
238-R2-AND-03,Platform/Build,Medium,Android Settings missing fakeFullScreen persistence,src/kirigami_ui/+android/main.qml:72-77,
463-R2-AND-04,Platform/Build,Low,"Android Settings for ""background"" missing transparency persistence",src/kirigami_ui/+android/main.qml:96-100,
464-R2-AND-05,QML/UI,Low,Android loadTelemetryPage passes no properties object to pageStack push,src/kirigami_ui/+android/main.qml:162,
349-R2-OVL-01,Logic,Medium,InputsOverlay onOpened calls cursorAutoHide.restart() instead of reset(),src/kirigami_ui/InputsOverlay.qml:41,
410-R2-OVL-02,Logic,Low,LanguageSettingsOverlay popup ListView currentIndex always resolves to -1,src/kirigami_ui/LanguageSettingsOverlay.qml:73,
165-R2-PTH-01,Type Safety,Medium,FileDialog filter matches all files on Linux due to stray glob,src/kirigami_ui/PathsPage.qml:105,
166-R2-PTH-02,QML/UI,Medium,File path from file:// URL preserves percent-encoding,src/kirigami_ui/PathsPage.qml:113,
050-R2-WHE-01,QML/UI,High,"`focus: true` is JavaScript label, not assignment",src/kirigami_ui/WheelSettingsOverlay.qml:90,
241-R2-EDT-01,Logic,Medium,Qt.AlignHustify typo — nonexistent enum value,src/kirigami_ui/EditorToolbar.qml:380,
072-R2-EDT-02,QML/UI,High,wheelThrottleSettingsButton checked bound to completely unrelated document property,src/kirigami_ui/EditorToolbar.qml:790,
073-R2-EDT-03,Logic,High,Checkable ToolButtons break checked property bindings on first click — systematic,"src/kirigami_ui/EditorToolbar.qml:223-224,233-236,380-381,392-394,404-406,416-418,429-431,449-452,460-463,471-474,482-485,493-503,513-525,725-727,741-743,751-753,769-772,790-792,836",
246-R2-TEL-01,Logic,Medium,Telemetry sub-toggles permanently disconnect from master toggle on click,"src/kirigami_ui/TelemetryPage.qml:80-88,101-110,123-132,149-158",
436-R2-REC-01,QML/UI,Low,File URI prefix strip off-by-one on Windows,src/kirigami_ui/RecentDocuments.qml:70,
350-R2-REC-02,Logic,Medium,refreshExistence skips UI updates when dynamic children out of sync,src/kirigami_ui/RecentDocuments.qml:171,
088-R2-IOS-01,Platform/Build,High,Method swizzling re-entry causes infinite recursion on second invocation,src/shakedetector.mm:74-78,
591-R2-IOS-02,Platform/Build,Medium,Delegate block captures raw assign pointer — use-after-free risk,"src/iossavedialog.mm:42-44,50-52",
164-R2-IOS-03,Platform/Build,Medium,UIApplication.keyWindow deprecated since iOS 13; breaks multi-window iPadOS,"src/iossavedialog.mm:109, src/shakedetector.mm:114",
314-R2-WASM-01,Resource Management,Medium,File input element never removed from DOM on user cancel,src/wasmintegration.cpp:148-149,
247-R2-WASM-02,Security,Medium,Insecure hostname validation via endsWith allows subdomain spoofing,src/wasmintegration.cpp:192,
163-R2-FONT-01,Type Safety,Medium,RichText label renders unescaped plain text — HTML metacharacters break display,"src/systemfontchooserdialog.ui:44, src/systemfontchooserdialog.cpp:55",
369-R2-FONT-02,Edge Case,Low,Duplicate setText call on preview label,src/systemfontchooserdialog.cpp:55-56,
161-R2-ANDMAN-01,Platform/Build,Medium,Ungrantable system/signature permissions bloating manifest,android/AndroidManifest.xml:51-53,
239-R2-ANDMAN-02,Platform/Build,Medium,MANAGE_EXTERNAL_STORAGE likely triggers Play Store scrutiny,android/AndroidManifest.xml:49,
007-R3-CTX-01,QML/UI,Critical,AbstractUnits missing QML_ELEMENT — all duration constants resolve to undefined,src/abstractunits.hpp:30,
051-R3-CTX-02,QML/UI,High,GlobalHotkeys.SkipForward enum value mismatch — trailing 's' missing,src/kirigami_ui/InputsOverlay.qml:673,
008-R3-DOC-01,Edge Case,Critical,m_reloading uninitialized — undefined behavior on first load,"src/documenthandler.cpp:123-130, src/documenthandler.h:337",
504-R3-DOC-02,Edge Case,Critical,Unbalanced edit block in setLineHeight/setParagraphHeight,"src/documenthandler.cpp:1596-1601, 1610-1615",
052-R3-DOC-03,Edge Case,High,load() sets m_fileUrl and emits fileUrlChanged even on failed load,"src/documenthandler.cpp:1032,1040",
053-R3-DOC-04,Edge Case,High,saveAs() silently ignores write/flush failures,src/documenthandler.cpp:1164-1168,
054-R3-DOC-05,Edge Case,High,updateContents() produces two separate undo entries — undo destroys document,src/documenthandler.cpp:1104-1122,
167-R3-DOC-06,Logic,Medium,reload() leaks m_reloading=true on URL mismatch,src/documenthandler.cpp:857-865,
055-R3-DOC-07,Logic,High,Inverted selection state after failed search(),src/documenthandler.cpp:1574-1579,
250-R3-SPL-01,Type Safety,Medium,encode() uses toLocal8Bit() instead of dictionary-encoding-aware conversion,src/spellchecker.cpp:400-406,
251-R3-SPL-02,Type Safety,Medium,decode() uses fromLocal8Bit() — suggestions show as mojibake,src/spellchecker.cpp:408-413,
572-R3-SPL-03,Logic,Medium,removeCustomWord() silently discards all addWord() additions,src/spellchecker.cpp:134-140 vs 338-344,
171-R3-SPL-04,Edge Case,Medium,Corrupt cached dictionary file persists permanently after failed copy,src/spellchecker.cpp:198-201,
596-R3-SPL-05,Edge Case,Medium,SpellChecker has zero thread safety — all methods unprotected,src/spellchecker.h:32-77,
546-R3-MAIN-01,Platform/Build,Medium,Command-line positional argument description/syntax swapped,src/main.cpp:158,
089-R3-MAIN-02,Platform/Build,High,Invalid locale string constructed for short language codes,src/main.cpp:141-143,
168-R3-MAIN-03,Platform/Build,Medium,System locale changed even when translation file fails to load,src/main.cpp:141-149,
699-R3-MAIN-04,Memory Management,Low,Stack-allocated QTranslator outlives QApplication on shutdown,"src/main.cpp:133,107/109,138/149",
248-R3-MAIN-05,Platform/Build,Medium,Hardcoded Homebrew version-specific Kirigami import path,src/main.cpp:314,
074-R3-MAIN-06,Platform/Build,High,Inconsistent Kirigami platform guards — missing WATCHOS and QNX,"src/main.cpp:225,42-43",
169-R3-MAIN-07,Platform/Build,Medium,"XDG_CURRENT_DESKTOP unconditionally forced to ""KDE"" on all Linux",src/main.cpp:86-87,
411-R3-MAIN-08,Platform/Build,Low,QFontDatabase::addApplicationFont return value discarded,src/main.cpp:120,
692-R3-APP-01,Memory Management,Low,AppController singleton and children never deallocated,"src/appcontroller.cpp:35,25-28",
249-R3-PROP-01,Logic,Medium,selectionIsLowerCase bound to wrong NOTIFY signal,src/documenthandler.h:119,
370-R3-SIG-01,Logic,Low,textChanged() signal declared but never emitted,src/documenthandler.h:307,
614-R3-SIG-02,Logic,Medium,ShakeDetector signals declared but never emitted — dead feature,"src/shakedetector.h:40-42, shakedetector.cpp:45-47",
595-R3-SIG-03,Logic,Medium,IosSaveDialog accepted/rejected signals declared but never emitted,"src/iossavedialog.h:44-45, iossavedialog.cpp:44-47",
090-R3-PMT-01,Edge Case,High,OBS WebSocket JSON.parse without try/catch — crash on malformed input,src/prompter/Prompter.qml:368,
170-R3-PMT-02,Edge Case,Medium,"OBS WebSocket no onError handler, no reconnection logic",src/prompter/Prompter.qml:353-389,
571-R3-PMT-03,Logic,Medium,goToNextMarker fallback desynchronizes cursor from viewport,src/prompter/Prompter.qml:658-659,
573-R3-TMR-01,Logic,Medium,TimerClock ETA uses __iDefault instead of actual __i during reverse scroll,src/prompter/TimerClock.qml:66,
505-R4-QTV-01,QML/UI,Critical,QtQuick 2.13 import does not exist in Qt 6.5,src/prompter/ProjectionsManager.qml:22,
509-R4-QTV-02,QML/UI,Critical,QtQuick.Window 2.0 import does not exist in Qt 6.5,src/prompter/ReadRegionOverlay.qml:25,
545-R4-QTV-03,QML/UI,High,QtQuick.Dialogs 6.6 imported in 9 files on Qt 6.5 target,"src/prompter/TimerClock.qml:27, PrompterBackground.qml:25, Prompter.qml:79, PointerSettings.qml:27, kirigami_ui/PrompterPage.qml:28, PathsPage.qml:27, main.qml:28, +windows/main.qml:28, +android/main.qml:28",
018-R4-EXP-01,Security,Critical,"No XSS sanitization — script tags, event handlers, javascript: URLs unfiltered",src/documenthandler.cpp:1246-1334,
056-R4-EXP-02,Security,High,insertHtmlAt() bypasses filterHtml() — unsanitized HTML from QML,src/documenthandler.cpp:1425-1460,
057-R4-EXP-03,Logic,High,loadFromNetwork() destroys URL for relative URLs — host/path swapped,src/documenthandler.cpp:870-878,
058-R4-EXP-04,Logic,High,AutoText inserts plain text as HTML — content corruption,src/documenthandler.cpp:1104-1123,
172-R4-EXP-05,Type Safety,Medium,No encoding/charset detection — all imports assumed UTF-8,"src/documenthandler.cpp:890-895,955,960,1007,1010",
173-R4-EXP-06,Type Safety,Medium,UTF-8 BOM not stripped — becomes phantom character at position 0,"src/documenthandler.cpp:955,960,1007",
174-R4-EXP-07,Type Safety,Medium,data: URI assumes base64 encoding without checking ;base64 token,src/documenthandler.cpp:1445-1448,
175-R4-EXP-08,Edge Case,Medium,EPUB/MOBI/AZW import replaces document with error string,"src/documenthandler.cpp:1078-1080,998-1000",
466-R4-EXP-09,Logic,Low,LibreOffice import --cat and --convert-to flags are contradictory,src/documenthandler.cpp:1076,
059-R4-ROOT-01,QML/UI,High,Qt.openUrlExternally called with translation context string instead of URL,src/kirigami_ui/main.qml:899,
178-R4-ROOT-02,QML/UI,Medium,"Invalid QML color value ""initial""","src/kirigami_ui/main.qml:126 (also +windows:121, ProjectionsManager:195)",
597-R4-ROOT-03,Logic,Medium,ESC global shortcut skips single-layer pages — can't dismiss with keyboard,src/kirigami_ui/main.qml:481,
179-R4-ROOT-04,QML/UI,Medium,"Duplicate ""&Open"" menu item in native File menu",src/kirigami_ui/main.qml:628-635,
637-R4-ROOT-05,QML/UI,Low,loadRemoteControlPage/loadTelemetryPage reference undefined component IDs,src/kirigami_ui/main.qml:175-181,
508-R4-EVT-01,QML/UI,Critical,Missing braces on if/else — syntax error in alignRightButton,src/kirigami_ui/EditorToolbar.qml:755-758,
253-R4-EVT-02,Logic,Medium,Velocity modifier ComboBox lists 2 options but switch handles 4 — dead code,src/kirigami_ui/InputsOverlay.qml:425-441,
075-R4-EVT-03,QML/UI,High,CursorAutoHide null access on root.pageStack.currentItem during page transitions,"src/prompter/CursorAutoHide.qml:28,31,43,56",
009-R4-CMT-01,Platform/Build,Critical,PDF import completely broken — converter invocation commented out,src/documenthandler.cpp:1049-1053,
544-R4-PRJ-01,Logic,High,flip variable spuriously reset in project() inner loop else-branch,src/prompter/ProjectionsManager.qml:108-114,
526-R4-PRJ-02,Logic,High,displayModel.get().flipSetting writes to snapshot copy — never mutates model,"src/prompter/ProjectionsManager.qml:83,141,150",
176-R4-PRJ-03,Logic,Medium,setScreensModel() duplicates display entries on each toggle cycle,src/prompter/ProjectionsManager.qml:157-164,
177-R4-PRJ-04,Edge Case,Medium,Division by zero in projection image height,src/prompter/ProjectionsManager.qml:298,
091-R4-ROV-01,Edge Case,High,Division by zero in __customPlacement when overlay full,src/prompter/ReadRegionOverlay.qml:189,
092-R4-ROV-02,QML/UI,High,Drag permanently breaks y property binding on readRegion,"src/prompter/ReadRegionOverlay.qml:181-182,141",
254-R4-ROV-03,Logic,Medium,Bitwise OR | used for width fallback instead of logical OR,src/prompter/ReadRegionOverlay.qml:396,
252-R4-BKG-01,QML/UI,Medium,"Flip transform origin stays at (0,0) when Flip stored as property","src/prompter/PrompterBackground.qml:89-90 (also ReadRegionOverlay:65,90)",
598-R4-SHD-01,Platform/Build,Medium,Duplicate class implementation between .cpp and .mm — ODR risk,src/shakedetector.cpp:24-43 and shakedetector.mm:45-64,
467-R4-IOSCPP-01,Resource Management,Low,QTemporaryDir created on all platforms including non-iOS where unused,src/iossavedialog.h:49,
468-R4-SIG-ADD-01,Logic,Low,SessionModel::appendDataPoint declared public slot but never connected,src/prompsession.h:71,
005-FINAL-01,QML/UI,Critical,TimerClock references undefined `timer` id — ETA and stopwatch completely broken,"src/prompter/TimerClock.qml:70,82,85",
501-FINAL-02,QML/UI,Critical,Missing `QtQuick.Controls.Material` import — 3 Material references unresolved,"src/kirigami_ui/WheelSettingsOverlay.qml:59,78,96",
006-FINAL-03,Platform/Build,Critical,Missing breeze-icons submodule — fresh clone cannot build,".gitmodules (omission), cmake/BreezeIconSubset.cmake:98-101",
099-FINAL-04,Platform/Build,High,NSIS start-menu shortcut icon name mismatches actual binary name,CMakeLists.txt:465,
030-FINAL-05,QML/UI,High,WindowDragger mouse delta accumulation error — window moves farther than cursor,"src/qt/WindowDragger.qml:42,46",
084-FINAL-06,Platform/Build,High,CMAKE_OSX_ARCHITECTURES contains literal quotes — universal binary broken,"CMakeLists.txt:418, src/CMakeLists.txt:29",
540-FINAL-07,Platform/Build,High,CMake wrong variable name: InstallRequiredSystemLibraries instead of CMAKE_INSTALL_SYSTEM_RUNTIME_LIBS,CMakeLists.txt:414,
031-FINAL-08,Platform/Build,High,setup.sh vcvarsall.bat executed from bash — MSVC env not propagated,setup.sh:175,
212-FINAL-09,QML/UI,Medium,`on__IChanged` handler typo — never fires,src/prompter/Prompter.qml:200,
519-FINAL-10,QML/UI,High,Two animations target same `position` property — conflict,"src/prompter/Prompter.qml:839,909",
032-FINAL-11,QML/UI,High,onFrameSwapped calls grabToImage every frame — severe performance hit,src/kirigami_ui/main.qml:1041-1045,
128-FINAL-12,QML/UI,Medium,SystemFontChooserDialog setWindowFlags strips all decorations,src/systemfontchooserdialog.cpp:32,
129-FINAL-13,I18N,Medium,"Invalid Korean locale code ""ko_KO"" — should be ""ko_KR""",src/kirigami_ui/LanguageSettingsOverlay.qml:127,
555-FINAL-14,I18N,Medium,Wrong placeholder `%0` instead of `%1` — font name never displayed,src/kirigami_ui/EditorToolbar.qml:588,
520-FINAL-15,Edge Case,High,Missing edit block wrapping in setLineHeight/setParagraphHeight,"src/documenthandler.cpp:1596,1610",
497-FINAL-16,Logic,Critical,Countdown completion uses state++ bypassing toggle() entry actions,src/prompter/Countdown.qml:122-123,
130-FINAL-17,QML/UI,Medium,ScriptAction references non-existent function `paintReady`,src/prompter/Countdown.qml:318,
131-FINAL-18,Logic,Medium,MarkersModel extendLastMarker modifies data without emitting dataChanged,src/markersmodel.cpp:109-114,
213-FINAL-19,I18N,Medium,Encoding fallback uses toLocal8Bit() instead of dictionary's actual encoding,"src/spellchecker.cpp:402-406, 408-412",
534-FINAL-20,Type Safety,High,Dangling pointer from temporary QByteArray in marker anchor parsing,src/documenthandler.cpp:1664,
132-FINAL-21,Logic,Medium,clearProperty(AnchorHref/AnchorName) ineffective through mergeCharFormat,src/documenthandler.cpp:800-801,
521-FINAL-22,Logic,High,Behavior.onRunningChanged calls toggle() from within animation handler — re-entrant state change,src/prompter/Prompter.qml:855,
001-CUR-N01,Logic,Critical,replaceAll() infinite loop when replacement contains search pattern,src/documenthandler.cpp:1503-1516,
022-CUR-N02,Logic,High,search() regex path ignores loop parameter — unconditional wrap,src/documenthandler.cpp:1552-1557,
117-CUR-N03,Logic,Medium,alignment() reads blockFormat on multi-block selection — returns wrong alignment,src/documenthandler.cpp:547-550,
118-DCL-N01,Type Safety,Medium,filterHtml default parameter in .cpp but not in header — QML can't call with 1 arg,src/documenthandler.h:235 vs .cpp:1246,
119-DCL-N02,Type Safety,Medium,setKeyMarker default parameter mismatch — same pattern,src/documenthandler.h:213 vs .cpp:707,
510-IMP-N01,QML/UI,Critical,import Qt.labs.platform 1.1 — Menu/MenuBar/MenuItem dropped in Qt 6,"src/kirigami_ui/main.qml:29,617-922",
503-IMP-N02,QML/UI,Critical,import QtWebSockets 1.10 — wrong version for Qt 6.5,src/prompter/Prompter.qml:80,
041-MATH-N01,Logic,High,Division by zero in __timeToArival/__timeToEnd when speed=0,src/prompter/Prompter.qml:121-123,
144-MATH-N02,Type Safety,Medium,Bitwise << on floating-point in TimerClock — precision loss,src/prompter/TimerClock.qml:127,
068-LYR-N01,Logic,High,InputsOverlay calls cursorAutoHide.restart() on open instead of reset(),src/kirigami_ui/InputsOverlay.qml:41,
304-LYR-N02,Logic,Medium,Three OverlaySheets missing from ESC dismiss chain,src/kirigami_ui/main.qml:489-504,
586-LYR-N03,Logic,Medium,ContextDrawer exposes prompter actions while viewing layer pages,src/kirigami_ui/main.qml:929,
224-LYR-N04,Logic,Medium,ESC handler uses activeFocus in base but focus in platform variants — inconsistent,src/kirigami_ui/main.qml:512 vs +windows:483 vs +android:422,
512-TRL-N01,I18N,High,qsTr() uses %0 placeholder — should be %1 (font name never displayed),src/kirigami_ui/EditorToolbar.qml:588,
195-TRL-N02,I18N,Medium,Application --help description not translatable,src/main.cpp:154-155,
265-TRL-N03,I18N,Medium,About-dialog credit roles not translatable,"src/main.cpp:194,202,205-206",
500-W10-HTK-01,Logic,Critical,autoRepeat=true for ALL QHotkey shortcuts — non-velocity actions broken when held,src/globalhotkeys.cpp:1116,
066-W10-HTK-02,Edge Case,High,QHotkey::setShortcut return value silently ignored — no failure detection,src/globalhotkeys.cpp:1116,
104-W10-PMV-01,QML/UI,High,font.pixelSize evaluates to 0 before first layout pass — crash hazard,src/prompter/PrompterView.qml:242,
354-W10-PMV-02,QML/UI,Medium,Circular ShaderEffectSource dependency — shadow ghost on first frame,"src/prompter/PrompterView.qml:230-233, Prompter.qml:744-770",
101-W10-CLP-01,Edge Case,High,Paste-without-formatting fails when clipboard lacks text/plain,src/documenthandler.cpp:1346-1348,
336-W10-CLP-02,Security,Medium,Remote image URLs in pasted HTML cause unsanctioned network requests,"src/documenthandler.cpp:1246-1334, 1425-1455",
064-W10-CNV2-01,Type Safety,High,Default stylesheet has invalid CSS color quoting — exported HTML broken in browsers,src/documenthandler.cpp:184-189,
065-W10-CNV2-02,Logic,High,No markdown export — round-trip silently destroys all formatting,src/documenthandler.cpp:1138-1177,
102-W10-CNV2-03,Type Safety,High,import() uses fromStdString on non-Windows — encoding corruption,src/documenthandler.cpp:1096,
096-W10-SWT-01,Logic,High,CloseActions switch drops RecentLocal/RecentRemote — recent document open silently lost after save,src/prompter/Prompter.qml:2479,
097-W10-SWT-02,Logic,High,Same bug in IosSaveDialog.onAccepted path,src/prompter/Prompter.qml:2500,
016-W10-DEP-01,Platform/Build,Critical,Missing vcpkg.json manifest — vcpkg manifest mode installs nothing,vcpkg-configuration.json (no companion vcpkg.json),
019-W10-WSM-01,Platform/Build,Critical,Infinite reload loop on unauthorized WASM host — app unusable,"src/prompter/Prompter.qml:439, src/wasmintegration.cpp:189-194",
337-W10-WSM-02,Platform/Build,Medium,Global file-picker state overwritten by re-entrant calls — wrong file delivered,"src/wasmintegration.cpp:37-40, 64-88, 164-171",
012-W10-PLF-01,Platform/Build,Critical,BSD detection broken — FreeBSD enters wrong code paths,"CMakeLists.txt:250,487",
095-W10-PLF-02,Platform/Build,High,QHotkey_FOUND never set in FetchContent path — built but never linked,"CMakeLists.txt:252-258, src/CMakeLists.txt:495-500",
703-TS-01,,,Finnish welcome guide → Dutch (not Finnish),po/qprompt_fi.ts:656 — `welcome_nl.html` should be `welcome_fi.html`,
491-TS-02,,,Arabic file `ar_EG` vs UI `ar_AE` mismatch,"po/qprompt_ar.ts:3 — `language=""ar_EG""` but LanguageSettingsOverlay.qml uses `ar_AE`",
490-TS-03,,,Korean UI `ko_KO` vs file `ko_KR` mismatch,"src/kirigami_ui/LanguageSettingsOverlay.qml:127 — `""ko_KO""` invalid; file uses `ko_KR`",
706-TS-04,,,"French ""Saved"" → verb ""Enregistrer"" (should be adjective ""Enregistré"")",po/qprompt_fr.ts:679,
492-TS-05,,,"Finnish/French/Korean/Italian ""Saved"" → verb with stray `&amp;` accelerator","po/qprompt_fi.ts:678, po/qprompt_ko.ts:677, po/qprompt_it.ts:679",
707-TS-06,,,"Czech/French ""Language settings"" → ""Pointer settings"" (copy-paste error)","po/qprompt_cs.ts:354, po/qprompt_fr.ts:353",
708-TS-07,,,"Finnish/French/Korean ""Colors for prompter states"" → ""Toggle Prompter State""","po/qprompt_fi.ts:462, po/qprompt_fr.ts:463",
709-TS-08,,,"French ""Prompting:"" → ""Start prompter""",po/qprompt_fr.ts:478,
710-TS-09,,,"Finnish/French/Korean/Dutch ""Vertical offset"" → ""Velocity""","po/qprompt_fi.ts:560, po/qprompt_fr.ts:561, po/qprompt_ko.ts:559, po/qprompt_nl.ts:561",
711-TS-10,,,"Finnish/Korean ""Next reload starts at"" → ""Step acceleration""","po/qprompt_fi.ts:158, po/qprompt_ko.ts:158",
712-TS-11,,,"French/Finnish/Korean ""No pointers"" → ""Both pointers"" (opposite meaning)","po/qprompt_fr.ts:1003, po/qprompt_fi.ts:981, po/qprompt_ko.ts:980",
713-TS-12,,,"French ""Alt"" key → ""Tout"" (means ""All"")",po/qprompt_fr.ts:270,
714-TS-13,,,"French ""Set velocity to 0–10"" (all 11) → identical ""Vitesse de départ""",po/qprompt_fr.ts:276-337,
715-TS-14,,,"French ""Clear color"" → ""Light color""",po/qprompt_fr.ts:1048,
716-TS-15,,,Finnish/Korean right pointer reuse → left pointer (swapped),"po/qprompt_fi.ts:494, po/qprompt_ko.ts:493",
493-TS-16,,,Paragraph spacing: 8 languages strip trailing `%` from `<pre>%1%</pre>`,"po/qprompt_cs.ts:128, po/qprompt_de.ts:132, po/qprompt_es.ts:132, po/qprompt_fr.ts:128, po/qprompt_fi.ts:128, po/qprompt_ko.ts:128, po/qprompt_nl.ts:128, po/qprompt_zh.ts:128",
494-TS-17,,,Line width: 7 languages add spurious `%` to `<pre>%1</pre>`,"po/qprompt_de.ts:539, po/qprompt_es.ts:543, po/qprompt_fi.ts:529, po/qprompt_fr.ts:530, po/qprompt_ko.ts:528, po/qprompt_nl.ts:530, po/qprompt_pt_BR.ts:539, po/qprompt_zh.ts:539",
704-TS-18,,,Orphan files: Hebrew and Polish exist but UI entries commented out,"po/qprompt_he.ts, po/qprompt_pl.ts",
502-HTK-01,,Critical,KGlobalAccel default permanently destroyed on first user customization,"globalhotkeys.cpp:1130,1138",
523-HTK-02,,High,User shortcuts never persisted when only Use_GlobalAccel defined (no QHotkey),globalhotkeys.cpp:831,
086-HTK-03,,High,KGlobalAccel defaults silently zeroed on non-Wayland when QHotkey co-exists,"globalhotkeys.cpp:1123-1127,1132",
138-HTK-04,,Medium,Wrong enum type `Qt::KeyboardModifier` (singular) for modifier variable,globalhotkeys.cpp:566,
558-HTK-05,,Medium,VelocityTo0 default shortcut uses `Qt::Key_acute` — unreachable dead key,globalhotkeys.cpp:657,
559-HTK-06,,Medium,Pause (Ctrl+Space) and Stop (Meta+Space) conflict — Meta+Space captured by OS,"globalhotkeys.cpp:581,586",
630-HTK-07,,Low,Double `removeAllShortcuts()` IPC round-trip in customization path,"globalhotkeys.cpp:1130,1139",
631-HTK-08,,Low,key/modifiers parameters silently discarded mid-function on non-Wayland,globalhotkeys.cpp:1123-1127,
531-TMR-01,,High,Countdown→Prompting auto-transition via state++ bypasses toggle() entirely,Countdown.qml:123,
579-TMR-02,,Medium,timer.updateTimer() runs before timer.startTimer() on Prompting entry,Prompter.qml:3093 vs :3113,
327-TMR-03,,Medium,dissolveIn animation re-triggered entering Running from Ready — flicker,"Countdown.qml:274-276,289-291",
677-TMR-04,,Low,Countdown arc hypotenuse uses geometric center instead of arc center,Countdown.qml:79,
382-TMR-05,,Low,ScriptAction `paintReady` references non-existent function,Countdown.qml:318,
678-TMR-06,,Low,dissolveOut starts too early when disappearWithin > 1,"Countdown.qml:110-113,145",
477-TMR-07,,Low,countdownAnimation restart uses non-idempotent running=true,Countdown.qml:119,
679-TMR-08,,Low,timer.running not explicitly set in Countdown state — relies on revert behavior,Prompter.qml:2980-3026,
189-SPL2-11,,Medium,addCustomWord trims but removeCustomWord does not — asymmetry,spellchecker.cpp:309 vs 328,
190-SPL2-12,,Medium,Case-sensitive contains/indexOf but case-insensitive sort — duplicates,"spellchecker.cpp:312,328 vs 316-319",
191-SPL2-13,,Medium,saveCustomWordsToDisk has void return — callers cannot detect I/O failure,"spellchecker.cpp:383,390-392",
192-SPL2-14,,Medium,Cached QRC dicts never invalidated after app update,spellchecker.cpp:193-202,
193-SPL2-15,,Medium,spell() returns true when no dicts loaded — silent no-op,spellchecker.cpp:106-107,
376-SPL2-16,,Low,QDir::mkpath return unchecked — dict cache directory may silently not exist,"spellchecker.cpp:196,351",
377-SPL2-17,,Low,QFile::setPermissions return unchecked — cached dict may be unreadable,spellchecker.cpp:200,
412-SPL2-18,,Low,Hunspell::add return value unchecked at 4 call sites,"spellchecker.cpp:139,173,179,321",
378-SPL2-19,,Low,availableDictionaries enumerates .dic without verifying .aff exists,spellchecker.cpp:250-256,
474-SPL2-20,,Low,loadCustomWordsFromDisk redundant exists() before open(),spellchecker.cpp:365-368,
103-WSM-03,,High,readAsDataURL causes quadruple in-memory copy of file content,wasmintegration.cpp:129-144,
108-BLD-05,,Medium,.env.android references Qt 5.15.2 — project requires Qt 6.8.2+,.env.android:6,
098-EVT-01,,High,velocityDragArea (z:5) blocks viewport.mouse (z:0) wheel events,PrompterPage.qml:875 vs PrompterView.qml:254,
517-EVT-02,,High,Zero inputMethodHints on any TextField — IME broken for CJK/Indic,"Prompter.qml:936, PrompterPage.qml, EditorToolbar.qml (15+ TextFields)",
081-EVT-03,,High,velocityDragOverlay (z:7) steals clicks from control buttons (z:6),PrompterPage.qml:914 vs PrompterView.qml:61,
082-EVT-04,,High,Drag breaks editor.x declarative binding permanently,"Prompter.qml:1984,958",
083-EVT-05,,High,Drag breaks positionHandler.x declarative binding permanently,"Prompter.qml:2018,926",
292-EVT-06,,Medium,Drag breaks stopwatch.x binding permanently,"TimerClock.qml:178,130",
126-EVT-07,,Medium,TabBar currentIndex binding broken on first TabButton click,"PointerSettings.qml:266,248",
127-EVT-08,,Medium,Two additional checkable ToolButton binding breakage instances,"EditorToolbar.qml:913-918,1541-1556",
457-EVT-09,,Low,Flow ToolSeparator visibility compares y of potentially invisible rows,"EditorToolbar.qml:246-249,284-287,309-312,347-350,433-437,549-552,710-713,774-777",
458-EVT-10,,Low,Nested MouseAreas with hoverEnabled steal hover from parent Buttons,"ProjectionsManager.qml:347-354,376-383,405-412",
124-ENC-01,,Medium,truncate(-1) when font preview text has no spaces,documenthandler.cpp:736-738,
359-ENC-02,,Low,getMarkerKey() mid(4) without length/startsWith guard,documenthandler.cpp:756,
106-ANM-N01,,Medium,Easing.EaseOut is not a valid Qt Quick easing type (2 instances),"PrompterView.qml:88,140",
044-NET-01,,High,loadFromNetworkFinihed never checks m_reply->error(),documenthandler.cpp:889-890,
587-NET-02,,Medium,RedirectPolicyAttribute set to boolean true → NoLessSafeRedirectPolicy,"documenthandler.cpp:883,1739",
602-THR-01,,Medium,IosSaveDialog::create() — unsynchronized singleton race,iossavedialog.cpp:37-42,
603-THR-02,,Medium,ShakeDetector::create() — identical unsynchronized singleton race,shakedetector.cpp:38-43,
643-THR-03,,Low,search() — mutable static QRegularExpression shared across all callers,documenthandler.cpp:1543-1544,
578-THR-04,,Medium,SpellChecker zero thread safety — explicit finding,"spellchecker.h:76-77, spellchecker.cpp",
343-DRW-01,,Medium,interalFocusElsewhere() misses 3 OverlaySheets + 2 Drawers — hotkeys pass through,Prompter.qml:283-296,
344-DRW-02,,Medium,globalDrawer and contextDrawer missing from ESC dismiss chain,"main.qml:481-504, +windows:452-487, +android:391-426",
013-AND-BLD-01,,Critical,Missing version.gradle — Gradle build fails,android/build.gradle:19,
278-AND-RES-01,,Medium,Invalid android:scaleType on bitmap element,android/res/drawable/splash.xml:7,
340-AND-MFT-01,,Medium (latent),FileProvider resource @xml/qtprovider_paths — file named filepaths.xml,AndroidManifest.xml:43 vs res/xml/filepaths.xml,
442-SHADOW-01,,Low,id: rotation shadows Item.rotation property,Prompter.qml:1280,
443-SHADOW-02,,Low,id: flow shadows Flow.flow property,EditorToolbar.qml:184,
360-FOC-N01,,Low,focus: true is JS label in atEndLoopDelay SpinBox,Prompter.qml:1311,
361-FOC-N02,,Low,Same JS label bug in countdownConfiguration SpinBoxes (2 instances),"PrompterPage.qml:1093,1114",
423-FOC-N03,,Low,Tab/Backtab asymmetry — Backtab silently unhandled,Prompter.qml:2170-2173,
683-VER-01,,Low,Qt::MarkdownText version guard 0x050F00 (5.15) — API added in 5.14,documenthandler.cpp:958,
658-CPY-01,,Low,5 Q_INVOKABLE methods pass QString by value instead of const&,"markersmodel.h:68, documenthandler.h:213,215,227, systemfontchooserdialog.h:53",
209-DSZ-01,,Medium,InputsOverlay hardcoded height:680 — overflows on phones,InputsOverlay.qml:33,
210-DSZ-02,,Medium,pointerConfiguration OverlaySheet no vertical ScrollView,PrompterPage.qml:1426-1445,
480-DSZ-03,,Low,Magic number 68 in ListView height binding,InputsOverlay.qml:83,
035-JSN-01,,High,i.d.authentication accessed without undefined guard,Prompter.qml:373-374,
218-JSN-02,,Medium,ws.sendTextMessage() called without checking WebSocket status,"Prompter.qml:383,413",
368-QCN-01,,Low,O(n²) contains()-in-loop during custom words file load,spellchecker.cpp:370-374,
588-PC-01,,Medium,countdown.state not set in Prompting state — countdown visible during teleprompting,Prompter.qml:3027-3086,
160-QTD-01,,Medium,m_spellHighlighter not detached when setDocument(nullptr),documenthandler.cpp:183-199,
702-QTD-02,,Low-Medium,QQuickTextDocument destroyed without destroyed signal connection,"documenthandler.h:334, documenthandler.cpp:175-202",
231-OPC-01,,Medium,Right-click toggle desynchronizes velocityIndicator visible/opacity,"PrompterPage.qml:906,979-980",
401-HDR-N01,,Low,promptsession.h not in CMakeLists.txt — SessionModel/DataPoint dead code,"src/promptsession.h, src/promptsess.cpp, src/CMakeLists.txt",
402-HDR-N02,,Low,telemetry.h not in CMakeLists.txt — Telemetry dead code,"src/telemetry.h, src/telemetry.cpp, src/CMakeLists.txt",
217-IO-N01,,Medium,saveAs() leaves _fileSystemWatcher permanently blocked on open failure,"documenthandler.cpp:1143,1161",
034-IO-N02,,High,save() constructs QUrl without file:// scheme — broken on non-Windows,documenthandler.cpp:1183-1184,
140-IO-N03,,Medium,iossavedialog.mm QFile::write() return value unchecked,iossavedialog.mm:92,
049-QML-BND-01,,High,countdownAnimation.running binding permanently broken after first iteration,"Countdown.qml:100,119",
157-QML-BND-02,,Medium,clock.__iteration binding broken by post-decrement in animation handler,"Countdown.qml:76,116,121",
723-QML-BND-03,,None (info),ReadRegionOverlay onDestruction — harmless dead code,ReadRegionOverlay.qml:86-89,
067-WSM-N01,,High,Synchronous QImage::load() from HTTP blocks WASM main thread,"documenthandler.cpp:1449-1451,1733",
387-WSM-N02,,Low,WASM preventSleep() falls through to desktop #else — always returns false,documenthandler.cpp:1929-1931,
622-QRC-N01,,Low,icons.qrc contains duplicate \<file\> entry,"src/icons/icons.qrc:45,47",
435-QRC-N02,,Low,Four .qrc files are dead code — never referenced by CMakeLists.txt,"src/icons/icons.qrc, src/fonts/fonts.qrc, src/fonts/chinese.qrc, src/prompter/pointers/pointers.qrc",
648-CMAKE-N01,,Low,WASM build excludes TelemetryPage.qml and RemotePage.qml,"src/CMakeLists.txt:106-121, main.qml:175-181",DUPLICATE-ID
229-OOB-N01,,Medium,MarkersModel::data() — m_data.at() without row < rowCount() guard,markersmodel.cpp:40-43,
230-OOB-N02,,Medium,SessionModel::data() — same missing row bounds guard,promptsession.cpp:40-43,
668-OOB-N03,,Low,alignment() fetches textCursor() twice — stale cursor race,documenthandler.cpp:547-550,
632-I18N-N01,,Low,Stale source-location line numbers in all 20 .ts files,po/*.ts (20 files),
633-I18N-N02,,Low,Vanished translation entries not purged across 13 language files,"13 of 20 .ts files (de:14, es:14, pt_PT:13, ru:13, uk:13, zh:13, pt_BR:10, cs:8, fr:8, fi:4, ko:4, nl:4, oc:2)",
063-STR-N01,,High,main.cpp:158 QLatin1String iterator-pair UB from two unrelated string literals,main.cpp:158,
152-NOTIFY-01,,Medium,setAutoReload doesn't emit autoReloadChanged NOTIFY signal,"documenthandler.cpp:909-919, documenthandler.h:120,300",
409-NOTIFY-02,,Low,availableDictionariesChanged NOTIFY signal never emitted,"documenthandler.h:137,318",
620-MIX-01,,Low,spellchecker.cpp:98 size_t→int narrowing in languages() reserve,spellchecker.cpp:98,
211-ENUM-01,,Medium,documenthandler.cpp:1108 updateContents switch no default — silent data loss,documenthandler.cpp:1108,
342-DPI-01,,Medium,TimerClock.qml:127 devicePixelRatio in raw arithmetic with magic multiplier,TimerClock.qml:127,
455-DPI-02,,Low,MarkersDrawer.qml:37 drawer minimumWidth hardcoded to 260px,MarkersDrawer.qml:37,
456-DPI-03,,Low,Find.qml:38 searchBarWidth:724 hardcoded in px,Find.qml:38,
208-DPI-04,,Medium,InputsOverlay.qml:33 height:680 hardcoded,InputsOverlay.qml:33,
459-GEO-01,,Low,main.qml initial 728px height too large for 1366x768 laptops,"main.qml:77-78, +windows/main.qml",
295-GEO-02,,Medium,main.qml persists x/y/width/height with zero validation,"main.qml:85-91, +windows/main.qml",
424-GEO-03,,Low,+android/main.qml no minimumWidth/minimumHeight,+android/main.qml,
078-UNIT-01,,High,ProgressIndicator.qml:46 Units.ShortDuration with no Kirigami import,ProgressIndicator.qml:46,
079-UNIT-02,,High,PrompterView.qml 7x Units.ShortDuration with no Kirigami import,"PrompterView.qml:80,87,103,132,139,155,185",
269-UNIT-03,,Medium,PrompterBackground.qml:160 Units.LongDuration no Kirigami import,PrompterBackground.qml:160,
270-UNIT-04,,Medium,"Flip.qml:34,41 two Units.LongDuration no Kirigami import","Flip.qml:34,41",
413-UNIT-05,,Low,pointer_0.qml:72 Units.VeryLongDuration no Kirigami import,pointer_0.qml:72,
333-UNIT-06,,Medium,Find.qml:92 Units.ShortDuration with namespaced Kirigami import,Find.qml:92,
334-UNIT-07,,Medium,ReadRegionOverlay.qml 3x Units.ShortDuration with namespaced import,"ReadRegionOverlay.qml:546,610,616",
625-AR-01,,Low,PrompterView.qml:53-58 Rotation debug feature clips on extreme aspect ratios,PrompterView.qml:53-58,
316-SAFE-01,,Medium,+android/main.qml zero safe area insets,+android/main.qml,
317-SAFE-02,,Medium,ReadRegionOverlay screenMiddle ignores notch/status bar height,ReadRegionOverlay.qml:132-134,
530-SET-01,,High,macOS/iOS: QSettings split across two preference domains,"documenthandler.cpp, globalhotkeys.cpp",
511-SET-02,,High,factoryReset() incomplete on macOS/iOS — domain-path settings survive,qmlutil.hpp:135-137,
639-SET-03,,Low,"QString ""true"" used as default for boolean QSettings value",documenthandler.cpp:137,
640-SET-04,,Low,spellCheckLanguages read without explicit default value,documenthandler.cpp:153,
216-INV-N01,,Medium,QmlUtil::r() stores QML-owned QQuickItemGrabResult raw pointer — use-after-free,"qmlutil.hpp:175-180, main.qml:1045",
392-CMAKE-NEW-01,,Low,Remote.qml exists on disk but never listed in QML_FILES,"src/CMakeLists.txt, src/prompter/Remote.qml",
111-CMAKE-NEW-02,,Medium,Duplicate install() of appdata.xml/desktop in root and src/CMakeLists.txt,"CMakeLists.txt:408-409, src/CMakeLists.txt:524-525",
112-CMAKE-NEW-03,,Medium,find_package(KF6Crash ... COMPONENTS) — COMPONENTS keyword with zero names,CMakeLists.txt:316,
113-CMAKE-NEW-04,,Medium,execute_process uses CMAKE_PREFIX_PATH (list) as scalar — broken command,src/CMakeLists.txt:512,
024-DLG-N01,,High,document.modified=false set BEFORE saveAs() — failed save loses unsaved flag,Prompter.qml:2291,
025-DLG-N02,,High,onError handler clears document.modified on save failure,Prompter.qml:2348-2352,
395-DLG-N03,,Low,errorDialog MessageDialog has no title,Prompter.qml:2510-2513,
120-DLG-N04,,Medium,load() silently fails with no notification when file missing or unreadable,documenthandler.cpp:944-947,
121-DLG-N05,,Medium,loadFromNetworkFinihed() silently ignores empty response,documenthandler.cpp:888-902,
026-DLG-N06,,High,import() error strings passed as document content via updateContents(),"documenthandler.cpp:1000,1087",
396-DLG-N07,,Low,5 showPassiveNotification() calls ignore passiveNotifications preference,"Find.qml:133,135,160, EditorToolbar.qml:627, PrompterPage.qml:890",
397-DLG-N08,,Low,3 save-completion passive notifications lack passiveNotifications guard,"Prompter.qml:2294,2296,2474,2499",
535-IMP-NEW-01,,High,#include \<qnativeinterface.h\> doesn't exist — breaks Android build,documenthandler.cpp:83,
698-IMP-NEW-02,,Low,"main.cpp:22 #include ""qglobal.h"" uses quotes + Qt5-era name",main.cpp:22,
664-IMP-NEW-03,,Low,main.cpp:38-39 redundant #include \<QtQml/qqml.h\> + #include \<QtQml\>,main.cpp:38-39,
686-IMP-NEW-04,,Low,AboutPage.qml imports Kirigami 2.9 vs 2.11 in all other files,AboutPage.qml:22,
687-IMP-NEW-05,,"Low (orphaned QRC, never compiled)",pointers.qrc RESOURCE_PREFIX conflicts with qt_add_qml_module,"pointers.qrc:2, src/CMakeLists.txt:253",
405-MA-N01,,Low,overlayMouseArea permanently disabled — dead MouseArea,ReadRegionOverlay.qml:116-122,
363-MA-N02,,Low,textDragArea missing cursorShape — ArrowCursor over IBeamCursor on editor,Prompter.qml:1429-1431,
551-CMT-N01,,Medium,Justify ToolButton comment says it's commented out — but it's active,EditorToolbar.qml:761-773,
650-CMT-N02,,Low,Truncated comment in markersmodel.cpp:107-108,markersmodel.cpp:107-108,
606-CMT-N03,,Medium,Misleading OpenGL workaround comment — scope of impact understated,main.cpp:79,
607-CMT-N04,,Medium,Comment masks invalid enum bug — 2 - value produces out-of-range LayoutDirection,main.cpp:165,
539-CMT-N05,,High,Missing security warning on QProcess RCE sink (sys://),qmlutil.hpp:84-95,
608-CMT-N06,,Medium,Missing warning: re-entrant toggle() inside Behavior.onRunningChanged,Prompter.qml:855-856,
609-CMT-N07,,Medium,Missing warning: joinPreviousEditBlock() without beginEditBlock(),"documenthandler.cpp:1596,1610",
205-CMT-N08,,Medium,Entire Telemetry class is dead commented-out shell across 4 files,"telemetry.h, telemetry.cpp, promptsession.h, promptsession.cpp",
610-CMT-N09,,Medium,Commented-out PropertyActions in active loop animation — stale state risk,Prompter.qml:866-871,
626-CMT-N10,,Low,Obsolete Qt 5 qmlRegisterType calls as commented-out cruft,"main.cpp:68-69,215-223",
548-REGEX-N01,,Medium,All 13 QRegularExpression objects lack isValid() checks,"documenthandler.cpp, spellhighlighter.cpp (13 regex objects)",
180-REGEX-N02,,Medium,regex_5 accidentally excludes 15+ HTML5 tags from background-color filtering,documenthandler.cpp:1300,
371-REGEX-N03,,Low,Unescaped dot in font-size regex — matches any char instead of decimal,"documenthandler.cpp:894,954,1274",
085-HK-N01,,High,Missing event.isAutoRepeat guard on main Keys.onPressed,Prompter.qml:2672,
136-HK-N02,,Medium,"Typo Qt.Key_VolumeDowm — ""Dowm"" instead of ""Down"" — volume-down hardware key dead",Prompter.qml:2674,
100-HK-N03,,High,"platformName() != ""wayland"" fails on ""wayland-egl"" — global hotkeys dead",globalhotkeys.cpp:16 sites,
297-HK-N04,,Medium,No auto-repeat guard in key-binding configuration Keys.onPressed,KeyInputButton.qml:103,
137-HK-N05,,Medium,Strict === equality on modifiers breaks user keybinds with NumLock,Prompter.qml:2674-2794,
425-HK-N06,,Low,isValidInput checks local keybindings only — silent conflict with global hotkeys,KeyInputButton.qml:62-85,
301-LDR-N01,,Medium,InputsOverlay typeof null guard fails — null.item crash on rapid close,"InputsOverlay.qml:105-112,562-569",
232-PARSE-N01,,Medium,insertImageAt() stores image resource with file:// key but looks up via plain path,documenthandler.cpp:1766-1769,
153-PARSE-N02,,Medium,MarkersModel::keySearch() hits=1 limits search to first marker only,markersmodel.cpp:120,
045-PROP-N01,,High,on__FullScreenChanged handler casing mismatch — never fires,main.qml:36-37,
569-PROP-N02,,Medium,"setCursorPosition → reset() — 12-signal storm, no debounce","documenthandler.cpp:455-463,1187-1201",
671-PROP-N03,,Low,setMarker/setKeyMarker/setMarkerHref silently trigger full document reparse,"documenthandler.cpp:720,775,804",
150-NET-N04,,Medium,No transfer timeout on any QNetworkRequest,"documenthandler.cpp:882-884,1739",
151-NET-N05,,Medium,loadFromNetwork() hardcodes http:// scheme — never upgrades to HTTPS,documenthandler.cpp:872,
408-NET-N06,,Low,"loadFromNetwork() validates original URL, not constructed resultingUrl",documenthandler.cpp:881,
271-URL-N01,,Medium,reload() constructs file:// URL by string concatenation without encoding,documenthandler.cpp:860,
358-DISK-N01,,Low,saveCustomWordsToDisk() non-atomic write — data loss on power failure,spellchecker.cpp:383-397,
139-INIT-N01,,Medium,"Velocity modifier ComboBox model has 2 entries, switch handles 4 cases","InputsOverlay.qml:423-425,430-441",
362-INIT-N02,,Low,Find.qml SearchField placeholderText always empty — no guidance text,Find.qml:183,
688-INIT-N03,,Low,ReadRegionOverlay screenMiddle uses root.y from cross-file id resolution,ReadRegionOverlay.qml:132-134,
689-INIT-N04,,Low,PrompterView ShaderEffectSource.sourceItem references prompter id declared later,PrompterView.qml:230-236,
582-CMB-N01,,Medium,autoReloadSeconds SpinBox from binding circular — clamps to 1 when all-zero,PrompterPage.qml:1381,
649-CMB-N02,,Low,autoReloadMinutes SpinBox from contains redundant circular self-reference,PrompterPage.qml:1356,
114-CMB-N03,,Medium,LanguageSettingsOverlay ListView currentIndex always -1 — wrong indexOf() call,LanguageSettingsOverlay.qml:73,
487-VIS-N04,,Low,Countdown crosshair frame renders orphan lines when enabled=false,Countdown.qml:151-178,
335-VIS-N05,,Medium,velocityDragOverlay blocks all interaction during indicator fade-out (~500ms dead zone),"PrompterPage.qml:913-919,865-872",
615-SCRL-N01,,Medium,__jitterMargin: fractional result from modulus violates 0/1 toggle design,Prompter.qml:114,
319-SCRL-N02,,Medium,__destination typed int truncates real-valued position,Prompter.qml:125,
575-SCRL-N03,,Medium,setVelocity() triggers two conflicting scroll animations with intermediate velocity,Prompter.qml:605-613,
374-SCRL-N04,,Low,"__speed non-zero when __i=0 and __curvature=0 (Math.pow(0,0)===1)",Prompter.qml:118-119,
693-SCRL-N05,,Low,__speedLimit check is dead logic — always true,"Prompter.qml:129,494,510",
694-SCRL-N06,,Low,__timeToEnd uses unexplained 2× factor,"Prompter.qml:122, TimerClock.qml:66",
384-TYP-N01,,Low,Misspelled method name: loadFromNetworkFinihed (missing 's'),"documenthandler.cpp:145,888, documenthandler.h:274",
385-TYP-N02,,Low,Misspelled parameter: withoutFormating (missing 't'),"documenthandler.h:225, documenthandler.cpp:1336,1347",
644-TYP-N03,,Low,"Inconsistent `_` vs `m_` member prefix: _markersModel, _fileSystemWatcher",documenthandler.h:343-344,
681-TYP-N04,,Low,Inconsistent m_ method naming: m_initializeSource — mixed underscore+camelCase,"abstractinputsource.h:50, globalhotkeys.h:150",
386-TYP-N05,,Low,Uninitialized member m_documentComesFromNetwork,"documenthandler.h:338, documenthandler.cpp:123-130",
682-TYP-N06,,Low,9 getters copy-paste double-textCursor() pattern — null check on stale cursor,"documenthandler.cpp: alignment(548), bold(565), italic(581), underline(597), strike(613), subscript(629), superscript(648), fontCapitalization(669), regularMarker(694)",
109-CAST-N01,,Medium,setFontCapitalization static_cast with no range validation — reachable from QML,documenthandler.cpp:677,
584-IMG-N01,,Medium,Missing go-previous-symbolic.svg — back-navigation icon blank on Android/Windows,"+android/main.qml:575, +windows/main.qml:631",DUPLICATE-ID
581-ACT-N05,,Medium,+windows main.qml Controls Settings submenu missing OBS Settings action,+windows/main.qml vs main.qml:261-270,
451-ACT-N06,,Low,+windows main.qml Performance tweaks missing enableBarsSetting,+windows/main.qml:320-391 vs main.qml:374-386,
199-ACT-N07,,Medium,namedBookmarkButton: checkable button opens dialog — stale indicator after first click,EditorToolbar.qml:225-236,
339-ACT-N08,,Medium (masked — Labs.MenuBar dead per IMP-N01),All checkable Labs.MenuItems inherit R2-EDT-03 binding-break pattern,main.qml:617-922,
256-RENDER-01,,Medium,ShaderEffectSource prompterShadowSource runs unconditionally — wastes GPU capture when shadows disabled,PrompterView.qml:230-233,
257-RENDER-02,,Medium,ShaderEffectSource pointerShadowSource runs unconditionally — same pattern,ReadRegionOverlay.qml:123-126,
680-TXT-N01,,Low,Find/replace fields missing persistentSelection: true,"Find.qml:182,230",
446-TXT-N02,,Low,TimerClock default text color #AAA on #131619 — fails WCAG AA contrast,"TimerClock.qml:93,138,151,163",
567-PLAT-N01,,Medium,qmlutil.hpp incorrectly excludes QNX from QProcess — run()/restartApplication() silently no-op,"qmlutil.hpp:35,86,99",
568-PLAT-N02,,Medium,documenthandler.cpp incorrectly excludes QNX from import() — LibreOffice broken on QNX,"documenthandler.h:330, documenthandler.cpp:964,1012,1043",
536-PLAT-N03,,High,Zero Q_OS_TVOS preprocessor guards in C++ despite 19 QML references — build failure,"All .cpp/.h/.mm (zero Q_OS_TVOS); 19 QML references to ""tvos""",
619-DECL-N01,,Low,MarkersModel::keySearch — default params in definition but not declaration,markersmodel.h:64 vs markersmodel.cpp:117,
629-DECL-N02,,Low,SessionModel::resetInternalData() missing override keyword and Qt 6 version guard,promptsession.h:74-75,
286-COLOR-01,,Medium,"ProjectionsManager.qml uses invalid ""initial"" color — repro of R4-ROOT-02",ProjectionsManager.qml:195,
287-COLOR-02,,Medium,Hardcoded #EED text invisible on light themes — WheelSettingsOverlay,WheelSettingsOverlay.qml:105,
479-COLOR-03,,Low,velocityText ColorAnimation flash: #BBB → #FFF → #CCC jump,PrompterPage.qml:842-860,
454-COLOR-04,,Low,ReadRegionOverlay ColorAnimation tracks __fillColor that never changes,"ReadRegionOverlay.qml:204,616",
651-COLOR-05,,Low,Prompter scrollbar gradient hardcodes #CCC/#998/#665 — low contrast on light backgrounds,Prompter.qml:1008-1009,
652-COLOR-06,,Low,Countdown #FFF digits on #333-at-0.48-overlay — insufficient contrast on light backgrounds,"Countdown.qml:71,192,212",
627-COLOR-07,,Low,CSS default stylesheet hardcodes #FFFFFF body text — ignores user text color,documenthandler.cpp:185-189,
583-EVT-N10,,Medium,Editor Ctrl+Letter shortcuts don't accept event — marker key-search double-fires,Prompter.qml:2123-2161,
481-EVT-N11,,Low,windowStayOnTopButton lacks focusPolicy — unreachable via keyboard,EditorToolbar.qml:794-804,
482-EVT-N12,,Low,velocityDragArea and viewport.mouse share z:5 — wheel dispatch ambiguous,PrompterPage.qml:875-877 vs PrompterView.qml:3083,
537-STATE-N01,,High,Shadowed Prompting→Editing transition — velocity default never saved,Prompter.qml:3119-3137,
262-STATE-N02,,Medium,Find.toggle() uses !visible instead of !isOpen — can't close during Prompting,Find.qml:51,
444-STATE-N03,,Low,Countdown Running restarts dissolveIn unnecessarily — visual dim-to-bright flash,Countdown.qml:289,
641-STATE-N04,,Low,loop animation cancel() state change overridden by toggle() due to QML batching,Prompter.qml:900-907,
188-SIZE-N01,,Medium,concentricCircles Shape has conflicting anchors.fill + anchors.centerIn,Countdown.qml:207-209,
375-SIZE-N02,,Low,Three Button children of Row have dead anchors.bottom declarations,"PrompterView.qml:148,163,179",
653-CONST-N01,,Low,getMarkerKey() not const — pure reader without side effects,"documenthandler.h:214, documenthandler.cpp:746",
654-CONST-N02,,Low,getMarkerHref() not const — identical pattern,"documenthandler.h:216, documenthandler.cpp:779",
655-CONST-N03,,Low,"MarkersModel::previousMarker(), nextMarker(), keySearch(), binarySearch() not const","markersmodel.h:62,63,64,78, markersmodel.cpp:117,151,205,217",
656-CONST-N04,,Low,GlobalHotkeys::globalShortcutKey(Action) not const — Q_INVOKABLE pure query,"globalhotkeys.h:147, globalhotkeys.cpp:108",
657-CONST-N05,,Low,Unnecessary copy via const auto instead of const auto& in extendLastMarker,markersmodel.cpp:111,
259-SAVE-N01,,Medium,loadFromNetworkFinihed sets m_fileUrl to phantom QTemporaryFile path,"documenthandler.cpp:897,144",
076-SAVE-N02,,High,iOS save flow never updates C++ m_fileUrl — file URL perpetually stale,"Prompter.qml:2493-2506, iossavedialog.mm:36-46",
182-SAVE-N03,,Medium,saveAs() never updates _fileSystemWatcher — watches stale file after save-as,"documenthandler.cpp:1023-1028,1138-1176",
623-SAVE-N04,,Low,save() unnecessary QString→std::string→QString round-trip through locale encoding,documenthandler.cpp:1183,
373-SAVE-N05,,Low,save() broken on Android content:// URIs — empty filename,documenthandler.cpp:1181-1184,
220-LOAD-N01,,Medium,TOCTOU race between QFile::exists() and file.open() in load(),documenthandler.cpp:944-947,
461-LOAD-N02,,Low,reset() emits 12 NOTIFY signals when open() fails but exists() succeeds,documenthandler.cpp:1017-1018,
187-SHDR-N01,,Medium,Math.cos/Math.sin used with degrees value — shadow offset diagonal instead of horizontal,"Prompter.qml:749, ReadRegionOverlay.qml:151-155",
547-RAII-N01,,Medium,QDrag object never deleteLater'd after exec() — leaks on rejected drags,documenthandler.cpp:1486-1489,
437-RAII-N02,,Low,IosSaveDialog::m_tempDir created unconditionally on all platforms — wasted I/O,iossavedialog.h:49,
351-RAII-N03,,Medium,QProcess orphan — child process detached on waitForFinished() timeout,documenthandler.cpp:1083-1089,
617-Z-N01,,Medium,CursorAutoHide has no explicit z — hover detection fragile against Kirigami internals,"main.qml:954, +windows/main.qml:618, +android/main.qml:562",
478-Z-N02,,Low,Two OverlaySheets have z:1 while nine others have none — inconsistent stacking,"LanguageSettingsOverlay.qml:36, LayoutDirectionSettingsOverlay.qml:36",
488-Z-N03,,Low,ComboBox Popup z:103 inside OverlaySheets with z:1 — disconnected layering,"LanguageSettingsOverlay.qml:67, LayoutDirectionSettingsOverlay.qml:70",
684-Z-N04,,Low,PrompterBackground (z:0) renders above viewport.mouse (z:0) — latent input intercept,"PrompterView.qml:249,320",
381-TIME-N01,,Low,"copyrightYear computed then discarded — stale ""2020-2026"" in About after 2026",main.cpp:176-179,
697-XFRM-N01,,Low,PrompterView.qml Rotation permanently overridden by PrompterPage.qml,PrompterView.qml:53-58 vs PrompterPage.qml:750-765,
200-API-N01,,Medium,setAlignment() missing null-cursor guard — crash risk with no document,documenthandler.cpp:557-558,
107-API-N02,,Medium,"selectionIsLowerCase NOTIFY signal is wrong — fontCapitalizationChanged, never emitted for case changes",documenthandler.h:119,
201-API-N03,,Medium,CursorAutoHide.qml unconditionally dereferences pageStack.currentItem.prompter,CursorAutoHide.qml:31,
419-API-N04,,Low,"setMarker(bool) misleadingly named — sets regular marker, not any marker","documenthandler.h:123,212",
388-API-N05,,Low,"fileName()/fileType() return fabricated defaults — can't distinguish ""no file"" from ""untitled.html""",documenthandler.cpp:838-850,
389-API-N06,,Low,SystemFontChooserDialog::show() calls setText() on same label twice — dead code,systemfontchooserdialog.cpp:55-56,
390-API-N07,,Low,"SpellChecker::encode() fallback says ""Latin-1"" but calls toLocal8Bit()",spellchecker.cpp:400-406,
717-ARC-01,,,Velocity physics engine entirely in QML (~20 readonly property bindings),Prompter.qml:113-129,
718-ARC-02,,,Arc-03 Search/replace state machine fully in QML (50+ lines),Find.qml:112-161,
719-ARC-03,,,"OBS WebSocket v5 protocol in QML — opcode dispatch, auth, subscription",Prompter.qml:366-388,
720-ARC-04,,,"DocumentHandler is 2295-line god class spanning file I/O, network, HTML filtering, markers, spellcheck, drag-drop, images, search, undo, clipboard, sleep prevention, font dialog",documenthandler.cpp (2295 lines),
721-ARC-05,,,"Prompter.qml is 3139-line god component spanning velocity, state machine, keyboard, WebSocket, markers, spellcheck UI, file dialogs, WYSIWYG toggle, shadows",Prompter.qml (3139 lines),
722-ARC-06,,,qmlutil.hpp is utility grab-bag with 10+ unrelated functions,qmlutil.hpp (184 lines),
561-KEY-N01,,Medium,Named marker key binding silently discards all modifier information,"PrompterPage.qml:1187, documenthandler.h:213, documenthandler.cpp:707-715, markersmodel.cpp:117-120",
341-CLI-N01,,Medium,--version flag non-functional — version string empty when parser processes,"main.cpp:159,214",
122-DPR-N01,,Medium,Prompter.qml uses Screen.devicePixelRatio (global) instead of screen.devicePixelRatio (window),Prompter.qml:994,
260-SCALE-N01,,Medium,Right pointer xScale: -1 mirrors text pointers — backwards/unreadable text,ReadRegionOverlay.qml:391-398,
462-ORIENT-N01,,Low,TimerClock binary width>height orientation creates sharp 2x font jump at 1:1,TimerClock.qml:127,
452-BIND-N01,,Low,contentWidth undefined for Shape/Image pointer types — transform origin silently wrong,ReadRegionOverlay.qml:396,
642-STR-CNV,,Low,"5 defensive validation gaps: toInt() without ok flag in getMarkerKey, parse(×2), setFontSize, and 32 hotkey reads","documenthandler.cpp:757,1667,1675,829, globalhotkeys.cpp:569-698",
077-SHADOW-N03,,High,id: stopwatch shadows property bool stopwatch — timersEnabled always true,"TimerClock.qml:38,122,100",
472-SHADOW-N04,,Low,id: frame shadows property bool frame — latent hazard,"Countdown.qml:42,152",
037-LINK-N01,,High,Qt::Network not linked on iOS static build — unresolved symbols,src/CMakeLists.txt:418-427,
038-LINK-N02,,High,Qt::Network not linked on WASM static build — same as LINK-N01,src/CMakeLists.txt:436-445,
219-LINK-N03,,Medium,Qt::WebSockets found as REQUIRED but never explicitly linked,"CMakeLists.txt:145, all target_link_libraries blocks",
564-LINK-N04,,Medium,KF6::GlobalAccel find_package/link mismatch on Haiku,"CMakeLists.txt:303-308, src/CMakeLists.txt:446-460",
357-COMP-N01,,Low,Case-sensitive duplicate detection in setLanguages(),spellchecker.cpp:83,
116-COMP-N02,,Medium,Case-sensitive suffix check misses mixed-case extensions — silent format loss,documenthandler.cpp:1154,
628-COMP-N03,,Low,regularMarker() same double-textCursor anti-pattern as LOG-07,documenthandler.cpp:693-696,
562-LBL-N01,,Medium,All 12 Sliders in EditorToolbar missing Layout.fillWidth: true — cramped,EditorToolbar.qml (12 Slider instances),
563-LBL-N02,,Medium,"11 Labels with Layout.bottomMargin: -14 — undefined behavior, overlap risk",EditorToolbar.qml (11 Label instances),
460-LBL-N03,,Low,PrompterView 3× height overflow in theforce debug mode,PrompterPage.qml:739,
665-LAY-N01,,Low,"10 Labels with Layout.margins but inside MouseArea, not direct layout child — dead",EditorToolbar.qml (10 Labels),
666-LAY-N02,,Low,WheelSettingsOverlay explanation text constrained to single column in 2-column GridLayout,WheelSettingsOverlay.qml:100-109,
207-DLG-N10,,Medium,TimerClock ColorDialog selectedColor never initialized from persisted settings,TimerClock.qml:198-210,
398-DLG-N11,,Low,PrompterPage ColorDialogs — dead acceptedColor property binding,"PrompterPage.qml:1010,1025, PrompterView.qml:240-241",
570-QPROP-N02,,Medium,comesFromNetwork Q_PROPERTY missing WRITE clause,documenthandler.h:121,
233-PATH-N01,,Medium,save() fragile percent-encoding round-trip — broken for UNC paths,documenthandler.cpp:1183,
154-PATH-N02,,Medium,reload() constructs file:// URL via raw string concat — #/? in filenames break URL,documenthandler.cpp:860,
148-MOB-01,,Medium,Android: projectionManager undefined — 3 unguarded reference sites,"+android/main.qml:303-306, PrompterPage.qml:746",
227-MOB-02,,Medium,No +ios/ QML selector — iOS inherits base main.qml with desktop-only components,Missing +ios/main.qml,
228-MOB-03,,Medium,iOS: IosSaveDialog silently hangs QML caller when temp dir invalid,iossavedialog.mm:79-81,
364-MOB-04,,Low,Android: restartApplication() quits without restart,qmlutil.hpp:97-103,
365-MOB-05,,Low,Android: Missing INTERNET permission in manifest,android/AndroidManifest.xml:48-53,
366-MOB-06,,Low,Android: PrompterPage display delegate Component.onCompleted references projectionManager — startup TypeError,PrompterPage.qml:675-677,
225-MENU-N01,,Medium,contextMenu.popup(this) missing click coordinates — menu at wrong position,Prompter.qml:1402,
226-MENU-N02,,Medium,"Mobile ""Add to dictionary"" missing %1 placeholder — word never shown",Prompter.qml:2620,
305-MENU-N03,,Medium,Text alignment menu RTL swap: labels swap but actions don't,EditorToolbar.qml:362-374,
406-MENU-N04,,Low,Trailing empty MenuSeparator at end of mobile context menu,Prompter.qml:2662,
429-MENU-N05,,Low,"""Redo"" context menu item missing & accelerator",Prompter.qml:2633,
483-MENU-N06,,Low,Paste behavior inconsistent between context menu and global Edit menu,"Prompter.qml:2564,2651 vs main.qml:686",
206-DBG-N01,,Medium,OBS WebSocket auth challenge+salt logged to console in release builds,"Prompter.qml:364,372,386",
393-DBG-N02,,Low,Velocity debug logging active in production,"Prompter.qml:606, InputsOverlay.qml:441",
489-DBG-N03,,Low,Latent debug state leak: pointers/debug Setting persists Guides checkbox,"PointerSettings.qml:94, ReadRegionOverlay.qml:239",
394-DBG-N04,,Low,qDebug() in namedMarker()/setMarker() active in release,"documenthandler.cpp:760,793",
450-WARN-N01,,Low,"SpellHighlighter::isEnabled() — dead code, never called",spellhighlighter.h:36,
415-WARN-N02,,Low,"SpellChecker::addWord() — dead public API, never called","spellchecker.h:48, spellchecker.cpp:134-140",
647-WARN-N03,,Low,quint64→int implicit narrowing in nextMarker()/previousMarker(),"documenthandler.cpp:1713,1721",
416-WARN-N04,,Low,QProcess::startDetached() bool return silently ignored,qmlutil.hpp:91,
133-FLOW-N01,,Medium,"setKeyMarker() calls setAnchor(""#"") — const char*→bool conversion, href never set",documenthandler.cpp:716,
556-FLOW-N02,,Medium,increaseVelocity()/decreaseVelocity() skip velocity change when paused,"Prompter.qml:494-497,510-513",
552-DEF-N01,,Medium,Flickable.flicking undefined in Qt 6 — wrong cursor during momentum scroll,"Prompter.qml:1981,2024",
290-DEF-N02,,Medium,DropArea internalDrag always false — internal drag handler dead code,"Prompter.qml:1331,1350",
328-TMR-N01,,Medium,resetBackground Timer not stopped when new background loaded — race erases new image,"PrompterBackground.qml:47-57,73-76",
329-TMR-N02,,Medium,Windows onFrameSwapped missing qmlutil.r(p) — per-frame grab result leak,+windows/main.qml:706-716 vs main.qml:1036-1047,
356-CMAKE-N05,,Low,"foreach(file IN LISTS icon_files doc) — ""doc"" never defined",src/CMakeLists.txt:243,DUPLICATE-ID
484-PRE-N01,,Low,Preprocessor uses `or` instead of `||` in 6 #if directives — MSVC build break,"documenthandler.cpp:132,347,911,1057; globalhotkeys.cpp:560,832",
453-CNTD-N01,,Low,Countdown Running: dissolveIn and dissolveOut compete for same opacity when __iterations===__disappearWithin===1,"Countdown.qml:289-291,308",
433-QF-N02,,Low,QDir::entryList missing QDir::Readable in availableDictionaries(),spellchecker.cpp:254,
434-QF-N03,,Low,TOCTOU: QFile::exists() → QFile::copy() in resource cache extraction,spellchecker.cpp:198-199,
499-TXT-CRIT,,Critical,Plain 'v'/'V' keypress silently consumed — letter 'v' cannot be typed,Prompter.qml:2163-2168,
196-TXT-N03,,Medium,Toolbar paste and Edit menu paste bypass HTML sanitization,"EditorToolbar.qml:345, main.qml:686",
332-TXT-N04,,Medium,goToNextMarker() temporarily sets cursorPosition=-1 — corrupts cursor state,Prompter.qml:656-659,
634-INT-N01,,Low,quint64→int narrowing at DocumentHandler→MarkersModel boundary (4 sites),"documenthandler.cpp:1713,1721, markersmodel.h:62-63",
560-INT-N02,,Medium,replaceAll() returns long — 32-bit overflow on Windows x64,"documenthandler.h:228, documenthandler.cpp:1494",
635-INT-N03,,Low,6 qsizetype→int narrowing conversions across models and loops,"markersmodel.cpp:101,121, promptsession.cpp:88, main.cpp:274, spellchecker.cpp:98,328",
272-URL-N03,,Medium,Network-loaded HTML lacks base URL — relative resources broken,documenthandler.cpp:888-901,
414-URL-N04,,Low,loadFromNetwork() validates wrong URL instance,documenthandler.cpp:881,
273-URL-N05,,Medium,openFromRemote() blindly prepends http:// to non-HTTP schemes,PrompterPage.qml:1279-1282,
566-PERF-N01,,Medium,onFrameSwapped calls markerCompare() unconditionally — wasted JS call every frame,main.qml:1038,
307-PERF-N02,,Medium,RecentDocuments._load() blocks startup with N synchronous createObject() calls,"RecentDocuments.qml:221,82-107",
669-PERF-N03,,Low,velocityDragOverlay hot-loop calls velocity functions without throttling,PrompterPage.qml:939-976,
125-ERR-N01,,Medium,removeCustomWord() silently drops dictionary languages on partial reload failure,spellchecker.cpp:334-344,
291-ERR-N02,,Medium,insertImageAt() async callback silently discards 3 failure modes,documenthandler.cpp:1744-1752,
524-PATH-N03,,High,Wrong ../fonts/ depth in +android and +windows FontLoader paths,"+android/main.qml:465, +windows/main.qml:531",
624-SIG-N03,,Low,MessageDialog.onButtonClicked declares unused second parameter role,"main.qml:1088, +windows:757,777,797, +android:681,701",
621-QOBJ-N01,,Low,QmlUtil missing constructor with parent parameter,qmlutil.hpp:47,
323-TAB-N01,,Medium,PointerSettings TabButton onClicked skips currentIndex assignment,PointerSettings.qml:268-289,
527-REGEX-CRIT-01,,High,regex_4 destroys <body> tag — removes opening tag instead of color attributes,documenthandler.cpp:1287,
060-REGEX-CRIT-02,,High,searchRegEx.setPattern() from user input — isValid() never called,documenthandler.cpp:1543-1544,
255-REGEX-N04,,Medium,"ReDoS — user-supplied regex has no length limit, timeout, or backtracking guard",documenthandler.cpp:1543-1557,
372-REGEX-N05,,Low,regex_0 and regex_3 use . (any-char) instead of \. (literal dot) in decimal matching,"documenthandler.cpp:893-894,1274-1275",
181-REGEX-N06,,Medium,imgSrcRegex captures wrong src when data-src follows real src,documenthandler.cpp:1432-1434,
645-VCI-N01,,Low,At-end action buttons use inconsistent font scaling (1/1.5 vs 1/1.75) in same group,"Prompter.qml:1158,1185,1212 vs 1256,1269,1309",
646-VCI-N02,,Low,upperControls and bottomControls fade to different opacity levels during Prompting,PrompterView.qml:70 vs 120,
486-VCI-N03,,Low,"Hardcoded divider/separator/border colors (#292929, #606060, #808080) break theme adaptation","PointerSettings.qml, InputsOverlay.qml, Find.qml, PrompterPage.qml, ProgressIndicator.qml",
274-UTF-N01,,Medium,text.truncate(64) can split UTF-16 surrogate pairs — corrupted display,documenthandler.cpp:736,
495-AND-CRIT-01,,Critical,Missing android.permission.INTERNET — all network silently fails,AndroidManifest.xml:47-53,
080-AND-HIGH-01,,High,Android back button doesn't dismiss overlays/drawers before close,"+android/main.qml:144-150, PrompterPage.qml:64",
020-AND-HIGH-02,,High,Android screen never sleeps after prompter use,Prompter.qml:465,
021-AND-HIGH-03,,High,factoryReset() quits Android app without restarting,qmlutil.hpp:97-103,
277-AND-MED-01,,Medium,Missing intent-filter for opening files from other apps,AndroidManifest.xml:29-32,
282-CLP-N01,,Medium,Copy/Cut exports unfiltered HTML to system clipboard,"Prompter.qml, EditorToolbar.qml, main.qml",
283-CLP-N02,,Medium,DropArea external drop never calls drop.accept(),Prompter.qml:1369-1379,
284-CLP-N03,,Medium,DropArea external drop: URLs consumed preferentially — text silently lost,Prompter.qml:1370-1378,
194-SWT-N01,,Medium,OBS WebSocket Switch checked binding broken on first toggle,PrompterPage.qml:1468-1474,
585-IMH-SYS,,Medium,Systemic absence of inputMethodHints on ALL TextFields (16 sites),"EditorToolbar.qml (10 numeric TextFields), PrompterPage.qml (openUrl, wsUrlField, markerHrefField), PathsPage.qml (sofficePathField), PointerSettings.qml (3 color hex, 4 path TextFields), Find.qml (replaceField)",
661-EKA-SYS,,Low,Systemic absence of EnterKeyAction on ALL TextFields (7 sites),"PrompterPage.qml (openUrl, wsUrlField, markerHrefField, newWordField), Find.qml (searchField, replaceField), PathsPage.qml (sofficePathField)",
338-WINDOW-N01,,Medium,Projection windows not closed on main window close — orphaned on Linux,"main.qml:159-165, +windows:154-160, +android:144-150",
296-GSW-N01,,Medium,MarkersDrawer SwipeListItem navigates on swipe — gesture conflict on touch,MarkersDrawer.qml:70-74,
663-GSW-N02,,Low,Flickable onDragStarted uses stale __iBackup after non-prompting drags,"Prompter.qml:773-781,788-798",
428-LVW-N01,,Low,InputsOverlay.qml ListView currentIndex: PointerSettings.States.Arrow — copy-paste error,InputsOverlay.qml:77,
430-META-N01,,Low,QMetaObject::invokeMethod return value unchecked — silent failure on WASM,wasmintegration.cpp:71,
636-LOG-N04,,Low,"qWarning(""reloading"") fires unconditionally — misleading when URL mismatches",documenthandler.cpp:862,
303-LOG-N05,,Medium,Q_UNREACHABLE() in m_setGlobalShortcut() — UB in release on new enum value,globalhotkeys.cpp:1109,
143-LOG-N06,,Medium,No error log when saveAs() write/flush fail — silent data loss,documenthandler.cpp:1164-1165,
223-LOG-N07,,Medium,No error log in loadFromNetworkFinihed() — silent bad-data load,documenthandler.cpp:888-901,
557-FONT-N01,,Medium,"font.family: ""Monospace"" never resolves — no such font on any OS","TimerClock.qml:149,161",
400-FONT-N02,,Low,"FontLoader id typo: westernSeriousSansfFont — stray 'f' in ""Sans""","EditorToolbar.qml:558, Prompter.qml:996",
198-XML-N01,,Medium,"android:background=""#303030"" invalid on \<activity\> — silently ignored",AndroidManifest.xml:26,
355-CMAKE-N02,,Low,INTERFACE_LINK_LIBRARIES on executable target — no-op,src/CMakeLists.txt:285,
285-CMAKE-N03,,Medium,qt_wrap_ui conflicts with global AUTOUIC — double UI processing,src/CMakeLists.txt:43-46 vs CMakeLists.txt:45,
110-CMAKE-N04,,Medium,Relative ../build path in install rules — out-of-tree build failure,src/CMakeLists.txt:521-522,
576-SETUP-N01,,Medium,setup.sh uses windeployqt.exe (Qt 5) — should be windeployqt6.exe (Qt 6),setup.sh:233,
308-POP-N01,,Medium,ESC cascade missing dictionariesSheet — undismissable by keyboard,"PrompterPage.qml:1512, all 3 main.qml ESC handlers",
309-POP-N02,,Medium,ESC cascade missing customWordsSheet — undismissable by keyboard,"PrompterPage.qml:1589, all 3 main.qml ESC handlers",
310-POP-N03,,Medium,ESC cascade missing obsConfiguration — undismissable by keyboard despite alias,All 3 main.qml ESC handlers,
235-POP-N04,,Medium,CountdownConfiguration SpinBoxes use focus: true (JS label) instead of focus = true,"PrompterPage.qml:1092,1114",
471-RND-N01,,Low,forceQtTextRenderer dead on Apple platforms — unconditionally uses NativeRendering,Prompter.qml:994,
440-RND-N02,,Low,Missing smooth: true on background Image — aliased upscale,PrompterBackground.qml:79-87,
441-RND-N03,,Low,Missing smooth: true on projection Image — aliased text on external displays,ProjectionsManager.qml:284-304,
261-ST-N02,,Medium,Dead overlay.state PropertyChanges — overlay has no states array,"ReadRegionOverlay.qml:34-37, Prompter.qml:2899-3032",
281-CFG-N01,,Medium,"Desktop MimeType incomplete — only text/html, missing text/plain and text/markdown",com.cuperino.qprompt.desktop (both copies),
420-CFG-N02,,Low,"v1.1.3 release date ""2022-1-16"" breaks chronological order — should be 2023-01-16",appdata.xml line 202,
391-CFG-N03,,Low,"""fixedd"" typo in v2.0.2 release description",appdata.xml line 72,
604-TP-SYS,,Medium,Systemic absence of ToolTip on ~60+ controls across entire application,"Find.qml (8 buttons), EditorToolbar.qml (~28 buttons), PrompterView.qml (4 buttons), Prompter.qml (4 at-end buttons), MarkersDrawer (pin button), KeyInputButton (clear button), PrompterPage (~18 drawer actions)",
331-TP-N01,,Medium,"""Error loading file..."" used as document content, not placeholderText",Prompter.qml:969,
275-WATCH-N01,,Medium,addPath() return never checked — silent watch failure,documenthandler.cpp:1026,
276-WATCH-N02,,Medium,removePath() return never checked — stale path causes double-watch,documenthandler.cpp:1024,
549-WATCH-N03,,Medium,Watcher not refreshed after fileChanged — stale inotify on Linux atomic saves,"documenthandler.cpp:857-864,1020-1027",
417-WATCH-N04,,Low,unblockFileWatcher() dereferences _fileSystemWatcher without null guard,documenthandler.cpp:1125-1128,
149-MODEL-N01,,Medium,MarkersModel::rowCount ignores parent.isValid() — returns full size for child probe,markersmodel.cpp:32-36,
407-MODEL-N02,,Low,SessionModel::clearDataPoints lacks empty-model guard before beginRemoveRows,promptsession.cpp:79-84,
513-COERC-N01,,High,"parseInt("""") → NaN state bootstrap — first toggle() bricks state machine",Prompter.qml:448,
115-COERC-N02,,Medium,Unvalidated string-to-number injects NaN into root.__opacity — all opacity dead,EditorToolbar.qml:953-958,
421-COERC-N03,,Low,real→int truncation in WindowDragger position compounds drift,WindowDragger.qml:28-34,
237-QLOAD-N01,,Medium,InputsOverlay toggleButtonsOff() null-check bypass — crash on slow async Loaders,"InputsOverlay.qml:107,564",
659-DETACH-N01,,Low,4 non-const operator[] on QList in keySearch() — unnecessary implicit sharing detach,"markersmodel.cpp:126,133,137,144",
514-COLOR-CRIT-01,,High,"selectionColor #333d9ef3 — alpha channel reversed (#AARRGGBB vs #RRGGBBAA), selection invisible",Prompter.qml:973-974,
705-SYM-N01,,Low-Medium,"6 RTL/symmetry issues across PointerSettings, Find, PrompterView, Prompter, PrompterPage","PointerSettings.qml:380 (right pointer label not RTL-mirrored), Find.qml:63-66 (search bar always left-pinned), PrompterView.qml:74-76 (upper controls not RTL-aware), Prompter.qml:658-659 (goToNextMarker has end-fallback but goToPreviousMarker lacks start-fallback), PrompterPage.qml:266,278 (pointer tooltips not RTL-mirrored, contradict button labels)",
496-CLIP-CRIT-01,,Critical,Paste via toolbar button and File menu bypasses HTML sanitization,"EditorToolbar.qml:345, main.qml:686",
204-CLIP-N04,,Medium,Image-only clipboard paste — button enabled but does nothing,documenthandler.cpp:1356-1359,
214-INT-N04,,Medium,OBS URL/Password fields disabled when WebSocket enabled — inverted logic,"PrompterPage.qml:1478,1500",
215-INT-N05,,Medium,PropertyChanges permanently destroys CheckBox checked bindings on PointerSettings tab switch,PointerSettings.qml:70-83,
134-FMT-N01,,Medium,Step Speed onAccepted displays 100x correct value,EditorToolbar.qml:1955,
135-FMT-N02,,Medium,Step Acceleration onAccepted — identical 100x display bug,EditorToolbar.qml:2074,
156-PLAT-N04,,Medium,"""ipados"" is not valid Qt.platform.os string — 18 dead guards across 5 files","main.qml (7), +windows (6), +android (3), EditorToolbar.qml, ReadRegionOverlay.qml",
432-PLAT-N05,,Low,"Base main.qml fullScreenPlatform missing ""wasm"" (inconsistent with +windows)",main.qml:45,
197-WYS-N01,,Medium,Internal drag-and-drop copy inserts HTML as plain text — tags become visible,Prompter.qml:1362-1363,
418-WYS-N02,,Low,Default stylesheet CSS errors: valign:top (not a CSS property) and border:1pt (missing style),documenthandler.cpp:188,
070-QP-N01,,High,restartApplication() quits even when startDetached fails — app dies with no replacement,qmlutil.hpp:97-102,
158-QP-N02,,Medium,convert.waitForFinished() blocks GUI thread up to 30s during LibreOffice import,documenthandler.cpp:1086,
159-QP-N03,,Medium,convert.exitCode() never checked — LibreOffice error output becomes document content,documenthandler.cpp:1086-1091,
033-IMG-N02,,High,insertHtmlAt() silent blocking HTTP load for img src URLs — UI freeze,documenthandler.cpp:1451,
383-TRN-N01,,Low,Dead ternary: both branches return Qt.OpenHandCursor,Prompter.qml:2024,
550-A11Y-SYS,,Medium,Systemic absence of Accessible properties — app invisible to screen readers,All .qml files,
518-EVT-N13,,High,rewind()/fastForward() event undefined — winding state permanently locked after first use,Prompter.qml:547-571,
279-ANM-N02,,Medium,Standby→Ready countdown opacity flash — PropertyChanges opacity:1 conflicts with dissolveIn,Countdown.qml:265-276,
315-RESO-N01,,Medium,Editing font size not viewport-scaled — text nearly unreadable on 4K,PrompterView.qml:242,
438-RESO-N02,,Low,Scrollbar width 6dp-13dp — below minimum 44dp touch target,ProgressIndicator.qml:39,
674-RESO-N03,,Low,Control spacing hardcoded 8dp — cramped on large displays,"PrompterView.qml:63,64,113, Prompter.qml:1047",
675-RESO-N04,,Low,Projection-window margins fixed 10dp/5dp — near-flush on large screens,ProjectionsManager.qml:324-325,
439-RESO-N05,,Low,PointerSettings ListView height hardcoded 180dp — doesn't fill available space,PointerSettings.qml:254,
469-RESO-N06,,Low,ReadRegionOverlay pointer margin 3dp — overlap with text at large fonts,"ReadRegionOverlay.qml:260,267",
011-STK-N01,,Critical,"Android projectionManager undefined — crash on ""Performance tweaks"" submenu",+android/main.qml:304-305,
036-JSON-N01,,High,OBS WebSocket Hello auth fields accessed without null guard — crash on auth-disabled,Prompter.qml:373-374,
312-QW-N01,,Medium,Projection Window onClosing references cleared model — spurious runtime errors,"ProjectionsManager.qml:130-133,196-201",
313-QW-N02,,Medium,Stale QScreen reference in projection model — dangling after monitor hot-unplug,"ProjectionsManager.qml:119,177",
403-JS-N01,,Low,TIMERCLOCK getTimeString() — redundant .toString() on already-string — 54 allocs/sec,TimerClock.qml:46-50,
300-JS-N02,,Medium,markerCompare() per-frame JSON.stringify() over OBS marker — 60 allocs/sec,Prompter.qml:401-413,
093-THM-SYS,,High,"Complete theme deadlock — 50+ Material.theme: Dark hardcoded, theme toggle commented out",14 QML files,
298-HSCROLL-N01,,Medium,InputsOverlay Flickables use contentWidth: width instead of implicitWidth — horizontal overflow clipped,"InputsOverlay.qml:95,552",
299-HSCROLL-N02,,Medium,Inner Flickables missing flickableDirection: VerticalFlick — conflict with parent horizontal ListView,"InputsOverlay.qml:92,549",
288-COLOR-N08,,Medium,textBackground() returns invalid QColor for body/paragraph text,documenthandler.cpp:528-534,
289-COLOR-N09,,Medium,acceptedColor binds transparent QColor on startup — initial text invisible,"PrompterPage.qml:1010,1025, PrompterView.qml:240-241",
236-PP-N01,,Medium,Q_OS_APPLE is not a Qt macro — KGlobalAccel block compiles on all Unix including macOS,globalhotkeys.cpp:26,
094-TRF-N01,,High,rightWidthAdjustmentBar drag.maximumX formula broken — drag collapses to single point,Prompter.qml:2022,
330-TOG-N01,,Medium,WheelSettingsOverlay useScrollAsDialButton — cross-path stale checked state,WheelSettingsOverlay.qml:50-60,
599-RPL-N01,,Medium,6 additional files missing QtQuick.Controls.Material import — ~65 controls unthemed,"Find.qml, PrompterView.qml, Prompter.qml, PrompterPage.qml, EditorToolbar.qml, InputsOverlay.qml",
449-VIS-FB-N01,,Low,bookmarkListButton and searchButton missing checkable: true — no checked background,"EditorToolbar.qml:188,202",
023-DEB-N01,,High,libvulkan-dev (dev package) listed as Debian runtime dependency,CMakeLists.txt:446,
515-DEB-N02,,High,qml6-module-qtcore is not a real Debian package — .deb uninstallable,CMakeLists.txt:446,
516-DEB-N03,,High,qml6-module-qt-labs-platform doesn't exist for Qt 6 — .deb uninstallable,CMakeLists.txt:446,
258-RPM-N01,,Medium,RPM dependencies entirely commented out — zero automatic dependency resolution,CMakeLists.txt:450,
616-TS-N07,,Medium,"Wrong translations: Chinese ""Undo""→""Open"", ""Bars""→""Toolbar""; French ""Pointer Configuration""→""Prompter duration""; Korean ""Line width""→""Line height""","qprompt_zh.ts, qprompt_fr.ts, qprompt_ko.ts",
611-META-N14,,Medium,ModernToolkit removed from AppStream spec — validation error,appdata.xml:66,
306-META-N15,,Medium,"No StartupWMClass in desktop file — duplicate dock entries, missing icon",com.cuperino.qprompt.desktop,
667-META-N16,,Low,README badges and links reference wrong repo Cuperino/QPrompt (should be QPrompt-Teleprompter),README.md,
565-META-N17,,Medium,README links to non-existent BUILD.md,README.md:18,
105-AND-N08,,Medium,Android saveAs() hardcodes isHtml=true — plain-text files saved with HTML markup,"documenthandler.cpp:1149,1164",
538-TMR-N05,,High,markerCompare() only fires on forward scroll — backward scroll + re-forward misses marker,Prompter.qml:391-420,
264-TMR-N06,,Medium,Auto-reload Timer persists after network dialog close — background refetches,"PrompterPage.qml:1246-1253,1415-1420",
522-FONT-METRIC-01,,High,pixelSize used as line-height proxy — core scroll timing off by ~57%,"Prompter.qml:119-122,125,128",
294-FONT-METRIC-02,,Medium,FontLoader status never checked — font substitution silently fails,Prompter.qml:995-998,
662-FONT-METRIC-03,,Low,fontFamily() returns resolved-family not requested-family — substitution invisible,documenthandler.cpp:493-501,
263-STC-N01,,Medium,closeAll() destroys user's per-screen projection flip configuration,ProjectionsManager.qml:130-132,
475-STC-N02,,Low,Find.qml close() doesn't reset replace-mode or regex-mode flags,Find.qml:58-62,
601-STC-N03,,Medium,velocityIndicator.firstResetDone never cleared on dismiss — second activation broken,"PrompterPage.qml:799-872,928-937",
322-STC-N04,,Medium,Projection window CursorAutoHide not reset on close — cursor permanently hidden,"ProjectionsManager.qml:202-206,196-200",
445-STC-N05,,Low,cancel() doesn't call timer.stopTimer() — elapsed time persists across sessions,Prompter.qml:460-466,
324-TB-N01,,Medium,toolbar toggle timers produce stale state on rapid clicks,EditorToolbar.qml:816-851,
325-TB-N02,,Medium,baseSpeedSlider/baseAccelerationSlider onMoved yanks focus to prompter instead of restoreFocus(),"EditorToolbar.qml:2009-2010,2128-2129",
676-TB-N03,,Low,Collapsible toolbar rows animate height but adjacent rows snap — no y-position animation,EditorToolbar.qml:1175-1906 (8 collapsible rows),
352-TB-N04,,Medium,velocityDragArea accepts MiddleButton without propagateComposedEvents — scroll blocked,PrompterPage.qml:875-884,
638-RESP-N01,,Low,minimumHeight: minimumWidth forces square aspect ratio — prevents landscape-strip windows,"main.qml:83, +windows:78",
574-RESP-N02,,Medium,mobileOrSmallScreen threshold at 1231px activates on default 1220px launch,"main.qml:54,77",
470-RESP-N03,,Low,+android/main.qml omits all size declarations — transient zero-size layout on startup,+android/main.qml,
541-QT-LC-N01,,High,QQmlFileSelector never instantiated — platform QML file selectors dead,main.cpp:33,
380-TC-N01,,Low,Image.source assigned boolean false instead of empty string,ProjectionsManager.qml:287,
476-TC-N02,,Low,property color value assigned string expression — silent coercion,"PointerSettings.qml:146,178,209",
280-BLK-N01,,Medium,alignment() returns Qt::AlignCenter (includes vertical bit 0x0080) on null cursor,documenthandler.cpp:549,
202-BLK-N02,,Medium,updateContents() fails to reset block formatting — stale formats contaminate new document,documenthandler.cpp:1104-1122,
203-BLK-N03,,Medium,setLineHeight/setParagraphHeight apply document-wide — destroy per-block customization,"documenthandler.cpp:1597,1611",
321-SHT-N01,,Medium,markerToggle/namedMarkerToggle forwarded but never handled — dead hotkeys,"Prompter.qml:2097-2098,2118,2672-2870",
473-SHT-N02,,Low,Missing StandardKey.FullScreen on Android,+android/main.qml (absent from base:523 and +windows:494),
426-LAZY-N01,,Low,namedMarkerConfiguration Loader double-loads KeyInputButton — first load wasted,PrompterPage.qml:1172-1179,
348-LAZY-N02,,Medium,InputsOverlay ObjectModel eagerly loads both tabs — hidden tab content loaded prematurely,InputsOverlay.qml:90-547,
302-LL-N01,,Medium,10 EditorToolbar MouseArea/TextField width-depends-on-width binding loops,"EditorToolbar.qml (10 instances, lines 924-2053)",
427-LL-N02,,Low,ProgressIndicator stepSize divide-by-zero when prompter.height is 0,ProgressIndicator.qml:35,
320-SHDR-N02,,Medium,id: shadow collides with property ShaderEffectSource shadow — ambiguous resolution in blur chain,"Prompter.qml:746,752,754,759,762",
345-KB-N01,,Medium,Find.qml: 9 toolbar buttons missing focusPolicy — keyboard-invisible,Find.qml,
346-KB-N02,,Medium,InputsOverlay TabBar TabButtons have no focusPolicy + keyNavigationEnabled: false — keyboard dead,"InputsOverlay.qml:57-63,85",
347-KB-N03,,Medium,+windows and +android ESC handler uses .focus instead of .activeFocus — wrong boolean,"+windows/main.qml:483, +android/main.qml:422",
422-DRAG-N01,,Low,Image resize body drag: cursor shows OpenHandCursor until drag threshold exceeded,Prompter.qml:1651,
399-DRAG-N02,,Low,textDragArea has no cursorShape — no cursor feedback during text drag,Prompter.qml:1429-1431,
186-SHAPE-N01,,Medium,pointer_0.qml PathLine parent.width resolves to undefined (ShapePath has no width) — arrow collapsed,pointer_0.qml:60-67,
577-SHAPE-N02,,Medium,concentricCircles Shape uses parent-space coordinates in local space — circles off-center,Countdown.qml:202-239,
293-FD-N01,,Medium,|| should be && in autoReload guard — user preference ignored for non-binary files,documenthandler.cpp:1025,
326-TBND-N01,,Medium,SpellHighlighter regex excludes combining diacritical marks — NFD text misspelled,spellhighlighter.cpp:53-54,
353-TBND-N02,,Medium,All CJK text marked misspelled — ideographic characters not in Hunspell dictionaries,spellhighlighter.cpp:53-54,
379-TBND-N03,,Low,extendLastMarker() doesn't update Marker::length field — stale after appends,markersmodel.cpp:109-114,
542-MIME-N01,,High,Temporary QMimeDatabase — QMimeType dangling on Qt 5 (undefined behavior),documenthandler.cpp:945,
146-MIME-N02,,Medium,loadFromNetworkFinihed() ignores Content-Type header — all network content treated as HTML,documenthandler.cpp:888-901,
147-MIME-N03,,Medium,PDF/EPUB/MOBI/AZW MIME-detected but import is no-op — error text becomes content,"documenthandler.cpp:966-967,983-988,1044-1100",
266-TXT-FMT-N01,,Medium,"setMarkerHref("""") fails to clear QTextFormat::AnchorHref — stale href persists",documenthandler.cpp:769-774,
528-SCR-N01,,High,Per-screen projection flip settings lost on restart — never serialized,"ProjectionsManager.qml:39,168-173",
183-SCR-N02,,Medium,Duplicate entries in displayModel on first toggle — no clear() before setScreensModel(),"ProjectionsManager.qml:49-50,157-166",
318-SCR-N03,,Medium,No runtime screen plug/unplug handling — stale projection windows on disconnected screens,ProjectionsManager.qml:157-166,
