serial,old_id,new_id
001,CUR-N01,001-CUR-N01
002,EDGE-04,002-EDGE-04
003,EDGE-05,003-EDGE-05
004,EDGE-06,004-EDGE-06
005,FINAL-01,005-FINAL-01
006,FINAL-03,006-FINAL-03
007,R3-CTX-01,007-R3-CTX-01
008,R3-DOC-01,008-R3-DOC-01
009,R4-CMT-01,009-R4-CMT-01
010,SEC-01,010-SEC-01
011,STK-N01,011-STK-N01
012,W10-PLF-01,012-W10-PLF-01
013,AND-BLD-01,013-AND-BLD-01
014,QML-03,014-QML-03
015,R2-AND-02,015-R2-AND-02
016,W10-DEP-01,016-W10-DEP-01
017,R2-AND-01,017-R2-AND-01
018,R4-EXP-01,018-R4-EXP-01
019,W10-WSM-01,019-W10-WSM-01
020,AND-HIGH-02,020-AND-HIGH-02
021,AND-HIGH-03,021-AND-HIGH-03
022,CUR-N02,022-CUR-N02
023,DEB-N01,023-DEB-N01
024,DLG-N01,024-DLG-N01
025,DLG-N02,025-DLG-N02
026,DLG-N06,026-DLG-N06
027,EDGE-01,027-EDGE-01
028,EDGE-02,028-EDGE-02
029,EDGE-03,029-EDGE-03
030,FINAL-05,030-FINAL-05
031,FINAL-08,031-FINAL-08
032,FINAL-11,032-FINAL-11
033,IMG-N02,033-IMG-N02
034,IO-N02,034-IO-N02
035,JSN-01,035-JSN-01
036,JSON-N01,036-JSON-N01
037,LINK-N01,037-LINK-N01
038,LINK-N02,038-LINK-N02
039,LOG-01,039-LOG-01
040,LOG-02,040-LOG-02
041,MATH-N01,041-MATH-N01
042,MEM-01,042-MEM-01
043,MEM-02,043-MEM-02
044,NET-01,044-NET-01
045,PROP-N01,045-PROP-N01
046,QML-04,046-QML-04
047,QML-05,047-QML-05
048,QML-06,048-QML-06
049,QML-BND-01,049-QML-BND-01
050,R2-WHE-01,050-R2-WHE-01
051,R3-CTX-02,051-R3-CTX-02
052,R3-DOC-03,052-R3-DOC-03
053,R3-DOC-04,053-R3-DOC-04
054,R3-DOC-05,054-R3-DOC-05
055,R3-DOC-07,055-R3-DOC-07
056,R4-EXP-02,056-R4-EXP-02
057,R4-EXP-03,057-R4-EXP-03
058,R4-EXP-04,058-R4-EXP-04
059,R4-ROOT-01,059-R4-ROOT-01
060,REGEX-CRIT-02,060-REGEX-CRIT-02
061,RES-01,061-RES-01
062,RES-02,062-RES-02
063,STR-N01,063-STR-N01
064,W10-CNV2-01,064-W10-CNV2-01
065,W10-CNV2-02,065-W10-CNV2-02
066,W10-HTK-02,066-W10-HTK-02
067,WSM-N01,067-WSM-N01
068,LYR-N01,068-LYR-N01
069,PLAT-03,069-PLAT-03
070,QP-N01,070-QP-N01
071,R2-CMAKE-02,071-R2-CMAKE-02
072,R2-EDT-02,072-R2-EDT-02
073,R2-EDT-03,073-R2-EDT-03
074,R3-MAIN-06,074-R3-MAIN-06
075,R4-EVT-03,075-R4-EVT-03
076,SAVE-N02,076-SAVE-N02
077,SHADOW-N03,077-SHADOW-N03
078,UNIT-01,078-UNIT-01
079,UNIT-02,079-UNIT-02
080,AND-HIGH-01,080-AND-HIGH-01
081,EVT-03,081-EVT-03
082,EVT-04,082-EVT-04
083,EVT-05,083-EVT-05
084,FINAL-06,084-FINAL-06
085,HK-N01,085-HK-N01
086,HTK-03,086-HTK-03
087,PLAT-01,087-PLAT-01
088,R2-IOS-01,088-R2-IOS-01
089,R3-MAIN-02,089-R3-MAIN-02
090,R3-PMT-01,090-R3-PMT-01
091,R4-ROV-01,091-R4-ROV-01
092,R4-ROV-02,092-R4-ROV-02
093,THM-SYS,093-THM-SYS
094,TRF-N01,094-TRF-N01
095,W10-PLF-02,095-W10-PLF-02
096,W10-SWT-01,096-W10-SWT-01
097,W10-SWT-02,097-W10-SWT-02
098,EVT-01,098-EVT-01
099,FINAL-04,099-FINAL-04
100,HK-N03,100-HK-N03
101,W10-CLP-01,101-W10-CLP-01
102,W10-CNV2-03,102-W10-CNV2-03
103,WSM-03,103-WSM-03
104,W10-PMV-01,104-W10-PMV-01
105,AND-N08,105-AND-N08
106,ANM-N01,106-ANM-N01
107,API-N02,107-API-N02
108,BLD-05,108-BLD-05
109,CAST-N01,109-CAST-N01
110,CMAKE-N04,110-CMAKE-N04
111,CMAKE-NEW-02,111-CMAKE-NEW-02
112,CMAKE-NEW-03,112-CMAKE-NEW-03
113,CMAKE-NEW-04,113-CMAKE-NEW-04
114,CMB-N03,114-CMB-N03
115,COERC-N02,115-COERC-N02
116,COMP-N02,116-COMP-N02
117,CUR-N03,117-CUR-N03
118,DCL-N01,118-DCL-N01
119,DCL-N02,119-DCL-N02
120,DLG-N04,120-DLG-N04
121,DLG-N05,121-DLG-N05
122,DPR-N01,122-DPR-N01
123,EDGE-09,123-EDGE-09
124,ENC-01,124-ENC-01
125,ERR-N01,125-ERR-N01
126,EVT-07,126-EVT-07
127,EVT-08,127-EVT-08
128,FINAL-12,128-FINAL-12
129,FINAL-13,129-FINAL-13
130,FINAL-17,130-FINAL-17
131,FINAL-18,131-FINAL-18
132,FINAL-21,132-FINAL-21
133,FLOW-N01,133-FLOW-N01
134,FMT-N01,134-FMT-N01
135,FMT-N02,135-FMT-N02
136,HK-N02,136-HK-N02
137,HK-N05,137-HK-N05
138,HTK-04,138-HTK-04
139,INIT-N01,139-INIT-N01
140,IO-N03,140-IO-N03
141,LOG-03,141-LOG-03
142,LOG-05,142-LOG-05
143,LOG-N06,143-LOG-N06
144,MATH-N02,144-MATH-N02
145,MEM-03,145-MEM-03
146,MIME-N02,146-MIME-N02
147,MIME-N03,147-MIME-N03
148,MOB-01,148-MOB-01
149,MODEL-N01,149-MODEL-N01
150,NET-N04,150-NET-N04
151,NET-N05,151-NET-N05
152,NOTIFY-01,152-NOTIFY-01
153,PARSE-N02,153-PARSE-N02
154,PATH-N02,154-PATH-N02
155,PLAT-02,155-PLAT-02
156,PLAT-N04,156-PLAT-N04
157,QML-BND-02,157-QML-BND-02
158,QP-N02,158-QP-N02
159,QP-N03,159-QP-N03
160,QTD-01,160-QTD-01
161,R2-ANDMAN-01,161-R2-ANDMAN-01
162,R2-CMAKE-04,162-R2-CMAKE-04
163,R2-FONT-01,163-R2-FONT-01
164,R2-IOS-03,164-R2-IOS-03
165,R2-PTH-01,165-R2-PTH-01
166,R2-PTH-02,166-R2-PTH-02
167,R3-DOC-06,167-R3-DOC-06
168,R3-MAIN-03,168-R3-MAIN-03
169,R3-MAIN-07,169-R3-MAIN-07
170,R3-PMT-02,170-R3-PMT-02
171,R3-SPL-04,171-R3-SPL-04
172,R4-EXP-05,172-R4-EXP-05
173,R4-EXP-06,173-R4-EXP-06
174,R4-EXP-07,174-R4-EXP-07
175,R4-EXP-08,175-R4-EXP-08
176,R4-PRJ-03,176-R4-PRJ-03
177,R4-PRJ-04,177-R4-PRJ-04
178,R4-ROOT-02,178-R4-ROOT-02
179,R4-ROOT-04,179-R4-ROOT-04
180,REGEX-N02,180-REGEX-N02
181,REGEX-N06,181-REGEX-N06
182,SAVE-N03,182-SAVE-N03
183,SCR-N02,183-SCR-N02
184,SEC-02,184-SEC-02
185,SEC-03,185-SEC-03
186,SHAPE-N01,186-SHAPE-N01
187,SHDR-N01,187-SHDR-N01
188,SIZE-N01,188-SIZE-N01
189,SPL2-11,189-SPL2-11
190,SPL2-12,190-SPL2-12
191,SPL2-13,191-SPL2-13
192,SPL2-14,192-SPL2-14
193,SPL2-15,193-SPL2-15
194,SWT-N01,194-SWT-N01
195,TRL-N02,195-TRL-N02
196,TXT-N03,196-TXT-N03
197,WYS-N01,197-WYS-N01
198,XML-N01,198-XML-N01
199,ACT-N07,199-ACT-N07
200,API-N01,200-API-N01
201,API-N03,201-API-N03
202,BLK-N02,202-BLK-N02
203,BLK-N03,203-BLK-N03
204,CLIP-N04,204-CLIP-N04
205,CMT-N08,205-CMT-N08
206,DBG-N01,206-DBG-N01
207,DLG-N10,207-DLG-N10
208,DPI-04,208-DPI-04
209,DSZ-01,209-DSZ-01
210,DSZ-02,210-DSZ-02
211,ENUM-01,211-ENUM-01
212,FINAL-09,212-FINAL-09
213,FINAL-19,213-FINAL-19
214,INT-N04,214-INT-N04
215,INT-N05,215-INT-N05
216,INV-N01,216-INV-N01
217,IO-N01,217-IO-N01
218,JSN-02,218-JSN-02
219,LINK-N03,219-LINK-N03
220,LOAD-N01,220-LOAD-N01
221,LOG-04,221-LOG-04
222,LOG-06,222-LOG-06
223,LOG-N07,223-LOG-N07
224,LYR-N04,224-LYR-N04
225,MENU-N01,225-MENU-N01
226,MENU-N02,226-MENU-N02
227,MOB-02,227-MOB-02
228,MOB-03,228-MOB-03
229,OOB-N01,229-OOB-N01
230,OOB-N02,230-OOB-N02
231,OPC-01,231-OPC-01
232,PARSE-N01,232-PARSE-N01
233,PATH-N01,233-PATH-N01
234,PLAT-05,234-PLAT-05
235,POP-N04,235-POP-N04
236,PP-N01,236-PP-N01
237,QLOAD-N01,237-QLOAD-N01
238,R2-AND-03,238-R2-AND-03
239,R2-ANDMAN-02,239-R2-ANDMAN-02
240,R2-CMAKE-03,240-R2-CMAKE-03
241,R2-EDT-01,241-R2-EDT-01
242,R2-PRP-01,242-R2-PRP-01
243,R2-PRP-02,243-R2-PRP-02
244,R2-PTR-03,244-R2-PTR-03
245,R2-PTR-04,245-R2-PTR-04
246,R2-TEL-01,246-R2-TEL-01
247,R2-WASM-02,247-R2-WASM-02
248,R3-MAIN-05,248-R3-MAIN-05
249,R3-PROP-01,249-R3-PROP-01
250,R3-SPL-01,250-R3-SPL-01
251,R3-SPL-02,251-R3-SPL-02
252,R4-BKG-01,252-R4-BKG-01
253,R4-EVT-02,253-R4-EVT-02
254,R4-ROV-03,254-R4-ROV-03
255,REGEX-N04,255-REGEX-N04
256,RENDER-01,256-RENDER-01
257,RENDER-02,257-RENDER-02
258,RPM-N01,258-RPM-N01
259,SAVE-N01,259-SAVE-N01
260,SCALE-N01,260-SCALE-N01
261,ST-N02,261-ST-N02
262,STATE-N02,262-STATE-N02
263,STC-N01,263-STC-N01
264,TMR-N06,264-TMR-N06
265,TRL-N03,265-TRL-N03
266,TXT-FMT-N01,266-TXT-FMT-N01
267,TYP-04,267-TYP-04
268,TYP-05,268-TYP-05
269,UNIT-03,269-UNIT-03
270,UNIT-04,270-UNIT-04
271,URL-N01,271-URL-N01
272,URL-N03,272-URL-N03
273,URL-N05,273-URL-N05
274,UTF-N01,274-UTF-N01
275,WATCH-N01,275-WATCH-N01
276,WATCH-N02,276-WATCH-N02
277,AND-MED-01,277-AND-MED-01
278,AND-RES-01,278-AND-RES-01
279,ANM-N02,279-ANM-N02
280,BLK-N01,280-BLK-N01
281,CFG-N01,281-CFG-N01
282,CLP-N01,282-CLP-N01
283,CLP-N02,283-CLP-N02
284,CLP-N03,284-CLP-N03
285,CMAKE-N03,285-CMAKE-N03
286,COLOR-01,286-COLOR-01
287,COLOR-02,287-COLOR-02
288,COLOR-N08,288-COLOR-N08
289,COLOR-N09,289-COLOR-N09
290,DEF-N02,290-DEF-N02
291,ERR-N02,291-ERR-N02
292,EVT-06,292-EVT-06
293,FD-N01,293-FD-N01
294,FONT-METRIC-02,294-FONT-METRIC-02
295,GEO-02,295-GEO-02
296,GSW-N01,296-GSW-N01
297,HK-N04,297-HK-N04
298,HSCROLL-N01,298-HSCROLL-N01
299,HSCROLL-N02,299-HSCROLL-N02
300,JS-N02,300-JS-N02
301,LDR-N01,301-LDR-N01
302,LL-N01,302-LL-N01
303,LOG-N05,303-LOG-N05
304,LYR-N02,304-LYR-N02
305,MENU-N03,305-MENU-N03
306,META-N15,306-META-N15
307,PERF-N02,307-PERF-N02
308,POP-N01,308-POP-N01
309,POP-N02,309-POP-N02
310,POP-N03,310-POP-N03
311,QML-11,311-QML-11
312,QW-N01,312-QW-N01
313,QW-N02,313-QW-N02
314,R2-WASM-01,314-R2-WASM-01
315,RESO-N01,315-RESO-N01
316,SAFE-01,316-SAFE-01
317,SAFE-02,317-SAFE-02
318,SCR-N03,318-SCR-N03
319,SCRL-N02,319-SCRL-N02
320,SHDR-N02,320-SHDR-N02
321,SHT-N01,321-SHT-N01
322,STC-N04,322-STC-N04
323,TAB-N01,323-TAB-N01
324,TB-N01,324-TB-N01
325,TB-N02,325-TB-N02
326,TBND-N01,326-TBND-N01
327,TMR-03,327-TMR-03
328,TMR-N01,328-TMR-N01
329,TMR-N02,329-TMR-N02
330,TOG-N01,330-TOG-N01
331,TP-N01,331-TP-N01
332,TXT-N04,332-TXT-N04
333,UNIT-06,333-UNIT-06
334,UNIT-07,334-UNIT-07
335,VIS-N05,335-VIS-N05
336,W10-CLP-02,336-W10-CLP-02
337,W10-WSM-02,337-W10-WSM-02
338,WINDOW-N01,338-WINDOW-N01
339,ACT-N08,339-ACT-N08
340,AND-MFT-01,340-AND-MFT-01
341,CLI-N01,341-CLI-N01
342,DPI-01,342-DPI-01
343,DRW-01,343-DRW-01
344,DRW-02,344-DRW-02
345,KB-N01,345-KB-N01
346,KB-N02,346-KB-N02
347,KB-N03,347-KB-N03
348,LAZY-N02,348-LAZY-N02
349,R2-OVL-01,349-R2-OVL-01
350,R2-REC-02,350-R2-REC-02
351,RAII-N03,351-RAII-N03
352,TB-N04,352-TB-N04
353,TBND-N02,353-TBND-N02
354,W10-PMV-02,354-W10-PMV-02
355,CMAKE-N02,355-CMAKE-N02
356,CMAKE-N05,356-CMAKE-N05
357,COMP-N01,357-COMP-N01
358,DISK-N01,358-DISK-N01
359,ENC-02,359-ENC-02
360,FOC-N01,360-FOC-N01
361,FOC-N02,361-FOC-N02
362,INIT-N02,362-INIT-N02
363,MA-N02,363-MA-N02
364,MOB-04,364-MOB-04
365,MOB-05,365-MOB-05
366,MOB-06,366-MOB-06
367,PLAT-06,367-PLAT-06
368,QCN-01,368-QCN-01
369,R2-FONT-02,369-R2-FONT-02
370,R3-SIG-01,370-R3-SIG-01
371,REGEX-N03,371-REGEX-N03
372,REGEX-N05,372-REGEX-N05
373,SAVE-N05,373-SAVE-N05
374,SCRL-N04,374-SCRL-N04
375,SIZE-N02,375-SIZE-N02
376,SPL2-16,376-SPL2-16
377,SPL2-17,377-SPL2-17
378,SPL2-19,378-SPL2-19
379,TBND-N03,379-TBND-N03
380,TC-N01,380-TC-N01
381,TIME-N01,381-TIME-N01
382,TMR-05,382-TMR-05
383,TRN-N01,383-TRN-N01
384,TYP-N01,384-TYP-N01
385,TYP-N02,385-TYP-N02
386,TYP-N05,386-TYP-N05
387,WSM-N02,387-WSM-N02
388,API-N05,388-API-N05
389,API-N06,389-API-N06
390,API-N07,390-API-N07
391,CFG-N03,391-CFG-N03
392,CMAKE-NEW-01,392-CMAKE-NEW-01
393,DBG-N02,393-DBG-N02
394,DBG-N04,394-DBG-N04
395,DLG-N03,395-DLG-N03
396,DLG-N07,396-DLG-N07
397,DLG-N08,397-DLG-N08
398,DLG-N11,398-DLG-N11
399,DRAG-N02,399-DRAG-N02
400,FONT-N02,400-FONT-N02
401,HDR-N01,401-HDR-N01
402,HDR-N02,402-HDR-N02
403,JS-N01,403-JS-N01
404,LOG-08,404-LOG-08
405,MA-N01,405-MA-N01
406,MENU-N04,406-MENU-N04
407,MODEL-N02,407-MODEL-N02
408,NET-N06,408-NET-N06
409,NOTIFY-02,409-NOTIFY-02
410,R2-OVL-02,410-R2-OVL-02
411,R3-MAIN-08,411-R3-MAIN-08
412,SPL2-18,412-SPL2-18
413,UNIT-05,413-UNIT-05
414,URL-N04,414-URL-N04
415,WARN-N02,415-WARN-N02
416,WARN-N04,416-WARN-N04
417,WATCH-N04,417-WATCH-N04
418,WYS-N02,418-WYS-N02
419,API-N04,419-API-N04
420,CFG-N02,420-CFG-N02
421,COERC-N03,421-COERC-N03
422,DRAG-N01,422-DRAG-N01
423,FOC-N03,423-FOC-N03
424,GEO-03,424-GEO-03
425,HK-N06,425-HK-N06
426,LAZY-N01,426-LAZY-N01
427,LL-N02,427-LL-N02
428,LVW-N01,428-LVW-N01
429,MENU-N05,429-MENU-N05
430,META-N01,430-META-N01
431,PLAT-07,431-PLAT-07
432,PLAT-N05,432-PLAT-N05
433,QF-N02,433-QF-N02
434,QF-N03,434-QF-N03
435,QRC-N02,435-QRC-N02
436,R2-REC-01,436-R2-REC-01
437,RAII-N02,437-RAII-N02
438,RESO-N02,438-RESO-N02
439,RESO-N05,439-RESO-N05
440,RND-N02,440-RND-N02
441,RND-N03,441-RND-N03
442,SHADOW-01,442-SHADOW-01
443,SHADOW-02,443-SHADOW-02
444,STATE-N03,444-STATE-N03
445,STC-N05,445-STC-N05
446,TXT-N02,446-TXT-N02
447,TYP-06,447-TYP-06
448,TYP-07,448-TYP-07
449,VIS-FB-N01,449-VIS-FB-N01
450,WARN-N01,450-WARN-N01
451,ACT-N06,451-ACT-N06
452,BIND-N01,452-BIND-N01
453,CNTD-N01,453-CNTD-N01
454,COLOR-04,454-COLOR-04
455,DPI-02,455-DPI-02
456,DPI-03,456-DPI-03
457,EVT-09,457-EVT-09
458,EVT-10,458-EVT-10
459,GEO-01,459-GEO-01
460,LBL-N03,460-LBL-N03
461,LOAD-N02,461-LOAD-N02
462,ORIENT-N01,462-ORIENT-N01
463,R2-AND-04,463-R2-AND-04
464,R2-AND-05,464-R2-AND-05
465,R2-PRP-05,465-R2-PRP-05
466,R4-EXP-09,466-R4-EXP-09
467,R4-IOSCPP-01,467-R4-IOSCPP-01
468,R4-SIG-ADD-01,468-R4-SIG-ADD-01
469,RESO-N06,469-RESO-N06
470,RESP-N03,470-RESP-N03
471,RND-N01,471-RND-N01
472,SHADOW-N04,472-SHADOW-N04
473,SHT-N02,473-SHT-N02
474,SPL2-20,474-SPL2-20
475,STC-N02,475-STC-N02
476,TC-N02,476-TC-N02
477,TMR-07,477-TMR-07
478,Z-N02,478-Z-N02
479,COLOR-03,479-COLOR-03
480,DSZ-03,480-DSZ-03
481,EVT-N11,481-EVT-N11
482,EVT-N12,482-EVT-N12
483,MENU-N06,483-MENU-N06
484,PRE-N01,484-PRE-N01
485,R2-PRP-04,485-R2-PRP-04
486,VCI-N03,486-VCI-N03
487,VIS-N04,487-VIS-N04
488,Z-N03,488-Z-N03
489,DBG-N03,489-DBG-N03
490,TS-03,490-TS-03
491,TS-02,491-TS-02
492,TS-05,492-TS-05
493,TS-16,493-TS-16
494,TS-17,494-TS-17
495,AND-CRIT-01,495-AND-CRIT-01
496,CLIP-CRIT-01,496-CLIP-CRIT-01
497,FINAL-16,497-FINAL-16
498,R2-CMAKE-01,498-R2-CMAKE-01
499,TXT-CRIT,499-TXT-CRIT
500,W10-HTK-01,500-W10-HTK-01
501,FINAL-02,501-FINAL-02
502,HTK-01,502-HTK-01
503,IMP-N02,503-IMP-N02
504,R3-DOC-02,504-R3-DOC-02
505,R4-QTV-01,505-R4-QTV-01
506,QML-01,506-QML-01
507,QML-02,507-QML-02
508,R4-EVT-01,508-R4-EVT-01
509,R4-QTV-02,509-R4-QTV-02
510,IMP-N01,510-IMP-N01
511,SET-02,511-SET-02
512,TRL-N01,512-TRL-N01
513,COERC-N01,513-COERC-N01
514,COLOR-CRIT-01,514-COLOR-CRIT-01
515,DEB-N02,515-DEB-N02
516,DEB-N03,516-DEB-N03
517,EVT-02,517-EVT-02
518,EVT-N13,518-EVT-N13
519,FINAL-10,519-FINAL-10
520,FINAL-15,520-FINAL-15
521,FINAL-22,521-FINAL-22
522,FONT-METRIC-01,522-FONT-METRIC-01
523,HTK-02,523-HTK-02
524,PATH-N03,524-PATH-N03
525,R2-GH-01,525-R2-GH-01
526,R4-PRJ-02,526-R4-PRJ-02
527,REGEX-CRIT-01,527-REGEX-CRIT-01
528,SCR-N01,528-SCR-N01
529,SEC-04,529-SEC-04
530,SET-01,530-SET-01
531,TMR-01,531-TMR-01
532,TYP-01,532-TYP-01
533,EDGE-07,533-EDGE-07
534,FINAL-20,534-FINAL-20
535,IMP-NEW-01,535-IMP-NEW-01
536,PLAT-N03,536-PLAT-N03
537,STATE-N01,537-STATE-N01
538,TMR-N05,538-TMR-N05
539,CMT-N05,539-CMT-N05
540,FINAL-07,540-FINAL-07
541,QT-LC-N01,541-QT-LC-N01
542,MIME-N01,542-MIME-N01
543,QML-07,543-QML-07
544,R4-PRJ-01,544-R4-PRJ-01
545,R4-QTV-03,545-R4-QTV-03
546,R3-MAIN-01,546-R3-MAIN-01
547,RAII-N01,547-RAII-N01
548,REGEX-N01,548-REGEX-N01
549,WATCH-N03,549-WATCH-N03
550,A11Y-SYS,550-A11Y-SYS
551,CMT-N01,551-CMT-N01
552,DEF-N01,552-DEF-N01
553,EDGE-08,553-EDGE-08
554,EDGE-11,554-EDGE-11
555,FINAL-14,555-FINAL-14
556,FLOW-N02,556-FLOW-N02
557,FONT-N01,557-FONT-N01
558,HTK-05,558-HTK-05
559,HTK-06,559-HTK-06
560,INT-N02,560-INT-N02
561,KEY-N01,561-KEY-N01
562,LBL-N01,562-LBL-N01
563,LBL-N02,563-LBL-N02
564,LINK-N04,564-LINK-N04
565,META-N17,565-META-N17
566,PERF-N01,566-PERF-N01
567,PLAT-N01,567-PLAT-N01
568,PLAT-N02,568-PLAT-N02
569,PROP-N02,569-PROP-N02
570,QPROP-N02,570-QPROP-N02
571,R3-PMT-03,571-R3-PMT-03
572,R3-SPL-03,572-R3-SPL-03
573,R3-TMR-01,573-R3-TMR-01
574,RESP-N02,574-RESP-N02
575,SCRL-N03,575-SCRL-N03
576,SETUP-N01,576-SETUP-N01
577,SHAPE-N02,577-SHAPE-N02
578,THR-04,578-THR-04
579,TMR-02,579-TMR-02
580,TYP-03,580-TYP-03
581,ACT-N05,581-ACT-N05
582,CMB-N01,582-CMB-N01
583,EVT-N10,583-EVT-N10
584,IMG-N01,584-IMG-N01
585,IMH-SYS,585-IMH-SYS
586,LYR-N03,586-LYR-N03
587,NET-02,587-NET-02
588,PC-01,588-PC-01
589,PLAT-08,589-PLAT-08
590,QML-10,590-QML-10
591,R2-IOS-02,591-R2-IOS-02
592,R2-PRP-03,592-R2-PRP-03
593,R2-PTR-01,593-R2-PTR-01
594,R2-PTR-02,594-R2-PTR-02
595,R3-SIG-03,595-R3-SIG-03
596,R3-SPL-05,596-R3-SPL-05
597,R4-ROOT-03,597-R4-ROOT-03
598,R4-SHD-01,598-R4-SHD-01
599,RPL-N01,599-RPL-N01
600,SEC-05,600-SEC-05
601,STC-N03,601-STC-N03
602,THR-01,602-THR-01
603,THR-02,603-THR-02
604,TP-SYS,604-TP-SYS
605,TYP-02,605-TYP-02
606,CMT-N03,606-CMT-N03
607,CMT-N04,607-CMT-N04
608,CMT-N06,608-CMT-N06
609,CMT-N07,609-CMT-N07
610,CMT-N09,610-CMT-N09
611,META-N14,611-META-N14
612,PLAT-04,612-PLAT-04
613,QML-08,613-QML-08
614,R3-SIG-02,614-R3-SIG-02
615,SCRL-N01,615-SCRL-N01
616,TS-N07,616-TS-N07
617,Z-N01,617-Z-N01
618,QML-09,618-QML-09
619,DECL-N01,619-DECL-N01
620,MIX-01,620-MIX-01
621,QOBJ-N01,621-QOBJ-N01
622,QRC-N01,622-QRC-N01
623,SAVE-N04,623-SAVE-N04
624,SIG-N03,624-SIG-N03
625,AR-01,625-AR-01
626,CMT-N10,626-CMT-N10
627,COLOR-07,627-COLOR-07
628,COMP-N03,628-COMP-N03
629,DECL-N02,629-DECL-N02
630,HTK-07,630-HTK-07
631,HTK-08,631-HTK-08
632,I18N-N01,632-I18N-N01
633,I18N-N02,633-I18N-N02
634,INT-N01,634-INT-N01
635,INT-N03,635-INT-N03
636,LOG-N04,636-LOG-N04
637,R4-ROOT-05,637-R4-ROOT-05
638,RESP-N01,638-RESP-N01
639,SET-03,639-SET-03
640,SET-04,640-SET-04
641,STATE-N04,641-STATE-N04
642,STR-CNV,642-STR-CNV
643,THR-03,643-THR-03
644,TYP-N03,644-TYP-N03
645,VCI-N01,645-VCI-N01
646,VCI-N02,646-VCI-N02
647,WARN-N03,647-WARN-N03
648,CMAKE-N01,648-CMAKE-N01
649,CMB-N02,649-CMB-N02
650,CMT-N02,650-CMT-N02
651,COLOR-05,651-COLOR-05
652,COLOR-06,652-COLOR-06
653,CONST-N01,653-CONST-N01
654,CONST-N02,654-CONST-N02
655,CONST-N03,655-CONST-N03
656,CONST-N04,656-CONST-N04
657,CONST-N05,657-CONST-N05
658,CPY-01,658-CPY-01
659,DETACH-N01,659-DETACH-N01
660,EDGE-10,660-EDGE-10
661,EKA-SYS,661-EKA-SYS
662,FONT-METRIC-03,662-FONT-METRIC-03
663,GSW-N02,663-GSW-N02
664,IMP-NEW-03,664-IMP-NEW-03
665,LAY-N01,665-LAY-N01
666,LAY-N02,666-LAY-N02
667,META-N16,667-META-N16
668,OOB-N03,668-OOB-N03
669,PERF-N03,669-PERF-N03
670,PLAT-09,670-PLAT-09
671,PROP-N03,671-PROP-N03
672,RES-03,672-RES-03
673,RES-04,673-RES-04
674,RESO-N03,674-RESO-N03
675,RESO-N04,675-RESO-N04
676,TB-N03,676-TB-N03
677,TMR-04,677-TMR-04
678,TMR-06,678-TMR-06
679,TMR-08,679-TMR-08
680,TXT-N01,680-TXT-N01
681,TYP-N04,681-TYP-N04
682,TYP-N06,682-TYP-N06
683,VER-01,683-VER-01
684,Z-N04,684-Z-N04
685,EDGE-12,685-EDGE-12
686,IMP-NEW-04,686-IMP-NEW-04
687,IMP-NEW-05,687-IMP-NEW-05
688,INIT-N03,688-INIT-N03
689,INIT-N04,689-INIT-N04
690,LOG-07,690-LOG-07
691,LOG-09,691-LOG-09
692,R3-APP-01,692-R3-APP-01
693,SCRL-N05,693-SCRL-N05
694,SCRL-N06,694-SCRL-N06
695,TYP-08,695-TYP-08
696,TYP-10,696-TYP-10
697,XFRM-N01,697-XFRM-N01
698,IMP-NEW-02,698-IMP-NEW-02
699,R3-MAIN-04,699-R3-MAIN-04
700,RES-05,700-RES-05
701,TYP-09,701-TYP-09
702,QTD-02,702-QTD-02
703,TS-01,703-TS-01
704,TS-18,704-TS-18
705,SYM-N01,705-SYM-N01
706,TS-04,706-TS-04
707,TS-06,707-TS-06
708,TS-07,708-TS-07
709,TS-08,709-TS-08
710,TS-09,710-TS-09
711,TS-10,711-TS-10
712,TS-11,712-TS-11
713,TS-12,713-TS-12
714,TS-13,714-TS-13
715,TS-14,715-TS-14
716,TS-15,716-TS-15
717,ARC-01,717-ARC-01
718,ARC-02,718-ARC-02
719,ARC-03,719-ARC-03
720,ARC-04,720-ARC-04
721,ARC-05,721-ARC-05
722,ARC-06,722-ARC-06
723,QML-BND-03,723-QML-BND-03
